/*
SQLyog Community v8.71 
MySQL - 5.5.5-10.1.40-MariaDB : Database - b14_26734725_zimep
*********************************************************************
*/


/*!40101 SET NAMES utf8 */;

/*!40101 SET SQL_MODE=''*/;

/*!40014 SET @OLD_UNIQUE_CHECKS=@@UNIQUE_CHECKS, UNIQUE_CHECKS=0 */;
/*!40014 SET @OLD_FOREIGN_KEY_CHECKS=@@FOREIGN_KEY_CHECKS, FOREIGN_KEY_CHECKS=0 */;
/*!40101 SET @OLD_SQL_MODE=@@SQL_MODE, SQL_MODE='NO_AUTO_VALUE_ON_ZERO' */;
/*!40111 SET @OLD_SQL_NOTES=@@SQL_NOTES, SQL_NOTES=0 */;
CREATE DATABASE /*!32312 IF NOT EXISTS*/`b14_26734725_zimep` /*!40100 DEFAULT CHARACTER SET utf8 */;

USE `b14_26734725_zimep`;

/*Table structure for table `cargos` */

DROP TABLE IF EXISTS `cargos`;

CREATE TABLE `cargos` (
  `id` varchar(20) NOT NULL,
  `descripcion` varchar(300) DEFAULT NULL,
  PRIMARY KEY (`id`)
) ENGINE=InnoDB DEFAULT CHARSET=utf8;

/*Data for the table `cargos` */

LOCK TABLES `cargos` WRITE;

insert  into `cargos`(`id`,`descripcion`) values ('0621','Comerciante'),('2142','Ingeniero civil'),('2151','Ingeniero electricista'),('2152','Ingeniero electrónico'),('2166','Diseñador gráfico y multimedia'),('2231','Auxiliar, ingeniería civil'),('2511','Analista de sistemas'),('2512','Desarrollador de software'),('3112','Técnico en ingeniería civil'),('3513','Técnico en redes y sistemas de computación'),('5221','Comerciante de tienda'),('5222','Supervisor de tiendas y almacenes'),('5223','Vendedor y auxiliar de venta en tiendas, almacenes y afines'),('7112','Albañil'),('7212','Soldador y oxicortador'),('7214','Montador de estructuras metálicas'),('7221','Herrero y forjador'),('7323','Encuadernador y afines'),('7411','Electricista de obras y afines'),('7522','Ebanista y carpintero'),('7544','Fumigador y  controlador de plagas y malas hierbas'),('8344','Operador de montacargas'),('9321','Empacador manual'),('9411','Cocinero de comidas rápidas'),('9412','Ayudante de cocina'),('9510','Trabajador ambulante de servicios y afines'),('9622','Oficios varios');

UNLOCK TABLES;

/*Table structure for table `cat_laboral` */

DROP TABLE IF EXISTS `cat_laboral`;

CREATE TABLE `cat_laboral` (
  `id` int(11) NOT NULL AUTO_INCREMENT,
  `desc_cat` varchar(300) NOT NULL,
  PRIMARY KEY (`id`)
) ENGINE=InnoDB AUTO_INCREMENT=963 DEFAULT CHARSET=utf8;

/*Data for the table `cat_laboral` */

LOCK TABLES `cat_laboral` WRITE;

insert  into `cat_laboral`(`id`,`desc_cat`) values (121,'Directores de administración y servicios'),(122,'Directores de ventas, comercialización y desarrollo'),(131,'Directores de producción agropecuaria, silvicultura y pesca'),(132,'Directores de industrias manufactureras, minería, construcción y distribución'),(133,'Directores de servicios de tecnología de la información y las comunicaciones'),(134,'Directores  y gerentes de servicios profesionales'),(141,'Gerentes de hoteles y restaurantes'),(142,'Gerentes de comercios al por mayor y al por menor'),(143,'Otros gerentes de servicios'),(211,'Físicos, químicos y afines'),(212,'Matemáticos, actuarios y estadísticos'),(213,'Profesionales en ciencias biológicas'),(214,'Ingenieros (excluyendo Ingenieros en electrotecnología)'),(215,'Ingenieros en electrotecnología'),(216,'Arquitectos, planificadores, topógrafos y diseñadores'),(221,'Médicos'),(222,'Profesionales de enfermería y de partería'),(223,'Profesionales de medicina tradicional y alternativa'),(224,'Paramédicos e instrumentadores quirúrgicos'),(225,'Veterinarios'),(226,'Otros profesionales de la salud'),(231,'Profesores de instituciones de educación superior'),(232,'Profesores de formación profesional'),(233,'Profesores de educación secundaria'),(234,'Profesores de educación primaria y de primera infancia'),(235,'Otros profesionales de la educación'),(241,'Profesionales en finanzas'),(242,'Profesionales de la administración'),(243,'Profesionales de las ventas, la comercialización y las relaciones públicas'),(251,'Desarrolladores y analistas de software y multimedia'),(252,'Profesionales en bases de datos y en redes de computadores'),(261,'Profesionales en derecho'),(262,'Bibliotecarios, archivistas y curadores de arte'),(263,'Profesionales en ciencias sociales y religiosas'),(264,'Autores, periodistas y lingüistas'),(265,'Artistas creativos e interpretativos'),(311,'Técnicos en ciencias físicas y en ingeniería'),(312,'Supervisores en la minería, la industria manufacturera y la construcción'),(313,'Técnicos en control de procesos'),(314,'Técnicos y profesionales de nivel medio en ciencias biológicas y afines'),(315,'Técnicos y controladores en navegación marítima y aeronáutica'),(321,'Técnicos médicos y farmacéuticos'),(322,'Técnicos y profesionales del nivel medio en enfermería y partería'),(323,'Técnicos y profesionales del nivel medio en medicina tradicional y alternativa '),(324,'Técnicos y asistentes veterinarios'),(325,'Otros tecnicos y profesionales del nivel medio de la salud'),(331,'Técnicos y profesionales del nivel medio en finanzas y matemáticas'),(332,'Agentes comerciales y corredores'),(333,'Agentes de servicios empresariales'),(334,'Secretarios administrativos y especializados'),(335,'Agentes de gobierno y profesionales del nivel medio para la aplicación de regulaciones'),(341,'Técnicos y profesionales del nivel medio de servicios jurídicos, sociales y religiosos'),(342,'Entrenadores de deportes y aptitud física'),(343,'Técnicos y profesionales del nivel medio en actividades culturales, artísticas y culinarias'),(351,'Técnicos en operaciones de tecnología de la información, las comunicaciones y asistencia al usuario'),(352,'Técnicos en telecomunicaciones y radiodifusión'),(411,'Oficinistas generales'),(412,'Secretarios generales'),(413,'Operadores de máquinas de oficina'),(421,'Pagadores y cobradores de ventanilla y afines'),(422,'Empleados de servicios de información al cliente'),(431,'Auxiliares contables y financieros'),(432,'Empleados encargados del registro de materiales y de transportes'),(441,'Otro personal de apoyo administrativo'),(511,'Personal al servicio directo de los pasajeros'),(512,'Cocineros'),(513,'Meseros y bármanes'),(514,'Peluqueros, especialistas en tratamientos de belleza y afines'),(515,'Supervisores de mantenimiento y limpieza de edificios'),(516,'Otros trabajadores de servicios personales'),(521,'Vendedores callejeros y de puestos de mercado '),(522,'Comerciantes y vendedores de tiendas, almacenes y afines'),(523,'Cajeros de comercio, taquilleros y expendedores de boletas'),(524,'Otros vendedores'),(531,'Cuidadores de niños y auxiliares de maestros'),(532,'Trabajadores de los cuidados personales en servicios de salud '),(541,'Personal de los servicios de protección'),(611,'Agricultores y trabajadores calificados de jardines y de cultivos para el mercado'),(612,'Criadores y trabajadores pecuarios calificados de la cría de animales orientados al mercado'),(613,'Productores y trabajadores calificados de explotaciones agropecuarias mixtas cuya producción se destina al mercado'),(621,'Trabajadores forestales calificados y afines'),(622,'Pescadores, cazadores y tramperos'),(631,'Trabajadores agrícolas de subsistencia'),(632,'Trabajadores pecuarios de subsistencia'),(633,'Trabajadores agropecuarios de subsistencia'),(634,'Pescadores, cazadores, tramperos y recolectores de subsistencia'),(711,'Oficiales y operarios de la construcción de obra gruesa y afines'),(712,'Oficiales y operarios de la construcción de trabajos de acabado y afines'),(713,'Pintores, limpiadores de fachadas y afines'),(721,'Moldeadores, soldadores, chapistas, caldereros, montadores de estructuras metálicas y afines'),(722,'Herreros, herramentistas y afines'),(723,'Mecánicos y reparadores de máquinas'),(731,'Artesanos de precisión, alfarería, cerámica y vidrio'),(732,'Oficiales y operarios de las artes gráficas'),(733,'Tejedores'),(734,'Cesteros, mimbreros y sombrereros artesanales'),(735,'Artesanos que realizan trabajos en madera'),(736,'Joyeros, orfebres, plateros y bisuteros'),(737,'Artesanos del cuero'),(739,'Artesanos no clasificados en otros grupos primarios'),(741,'Instaladores y reparadores de equipos eléctricos'),(742,'Instaladores y reparadores de equipos electrónicos y de telecomunicaciones'),(751,'Oficiales y operarios de procesamiento de alimentos y afines'),(752,'Oficiales y operarios del tratamiento de la madera, ebanistas y afines'),(753,'Oficiales y operarios de la confección y afines'),(754,'Otros oficiales, operarios y afines'),(811,'Operadores de instalaciones mineras y de extracción y procesamiento de minerales '),(812,'Operadores de instalaciones de procesamiento y recubridoras de metales '),(813,'Operadores de instalaciones y máquinas de productos químicos y fotográficos'),(814,'Operadores de máquinas para fabricar productos de caucho, de papel y de material plástico'),(815,'Operadores de máquinas para fabricar productos textiles y artículos de piel y cuero'),(816,'Operadores de máquinas para elaborar alimentos y productos afines'),(817,'Operadores de instalaciones para la preparación de papel y de procesamiento de la madera'),(818,'Otros operadores de máquinas y de instalaciones fijas'),(821,'Ensambladores'),(831,'Maquinistas de locomotoras y afines'),(832,'Conductores de automóviles, camionetas y motocicletas'),(833,'Conductores de camiones pesados y buses'),(834,'Operadores de maquinaria agrícola móvil y de otras máquinas móviles'),(835,'Marineros de cubierta y afines'),(911,'Personal doméstico, aseadores de hoteles, oficinas y otros establecimientos'),(912,'Limpiadores de vehículos, ventanas, ropa y otra limpieza a mano'),(921,'Obreros y peones agropecuarios, pesqueros y forestales'),(931,'Obreros y peones de la minería y la construcción'),(932,'Obreros y peones de la industria manufacturera'),(933,'Obreros y peones de transporte y almacenamiento'),(941,'Ayudantes de preparación de alimentos'),(951,'Trabajadores ambulantes de servicios y afines'),(952,'Vendedores ambulantes (excluyendo comidas de preparación inmediata)'),(961,'Recolectores de desechos'),(962,'Otras ocupaciones elementales');

UNLOCK TABLES;

/*Table structure for table `cat_persona` */

DROP TABLE IF EXISTS `cat_persona`;

CREATE TABLE `cat_persona` (
  `id` int(11) NOT NULL AUTO_INCREMENT,
  `descripcion` varchar(60) DEFAULT NULL,
  PRIMARY KEY (`id`)
) ENGINE=InnoDB AUTO_INCREMENT=4 DEFAULT CHARSET=utf8;

/*Data for the table `cat_persona` */

LOCK TABLES `cat_persona` WRITE;

insert  into `cat_persona`(`id`,`descripcion`) values (1,'CATEGORÍA A'),(2,'CATEGORÍA B'),(3,'CATEGORÍA C');

UNLOCK TABLES;

/*Table structure for table `cat_prog` */

DROP TABLE IF EXISTS `cat_prog`;

CREATE TABLE `cat_prog` (
  `id` int(11) NOT NULL AUTO_INCREMENT,
  `desc` varchar(300) DEFAULT NULL,
  PRIMARY KEY (`id`)
) ENGINE=InnoDB AUTO_INCREMENT=3 DEFAULT CHARSET=utf8;

/*Data for the table `cat_prog` */

LOCK TABLES `cat_prog` WRITE;

insert  into `cat_prog`(`id`,`desc`) values (1,'Redes Sociales'),(2,'Paquete de Microsoft');

UNLOCK TABLES;

/*Table structure for table `categorias` */

DROP TABLE IF EXISTS `categorias`;

CREATE TABLE `categorias` (
  `id` int(11) NOT NULL AUTO_INCREMENT,
  `descripcion` varchar(300) DEFAULT NULL,
  PRIMARY KEY (`id`)
) ENGINE=InnoDB AUTO_INCREMENT=24 DEFAULT CHARSET=utf8;

/*Data for the table `categorias` */

LOCK TABLES `categorias` WRITE;

insert  into `categorias`(`id`,`descripcion`) values (1,'Ventas'),(2,'Almacén/Logística/Transporte'),(3,'Atención al cliente'),(4,'Hotelería/Turismo'),(5,'Docencia'),(6,'Servicios Generales, Aseo y Seguridad'),(7,'Mantenimiento y Reparaciones'),(8,'Técnicas'),(9,'Medicina/Salud'),(10,'Administración/Oficina'),(11,'Construcción y obra'),(12,'Producción/Operarios/Manufactura'),(13,'Contabilidad/Finanzas'),(14,'Informática/Telecomunicaciones'),(15,'Compras/Comercio Exterior'),(16,'CallCenter/Telemercadeo'),(17,'Legal/Asesoría'),(18,'Investigación y Calidad'),(19,'Diseño/Artes gráficas'),(20,'Recursos Humanos'),(21,'Ingeniería'),(22,'Mercadotecnia/Publicidad/Comunicación'),(23,'Dirección/Gerencia');

UNLOCK TABLES;

/*Table structure for table `convocatoria` */

DROP TABLE IF EXISTS `convocatoria`;

CREATE TABLE `convocatoria` (
  `id` int(11) NOT NULL AUTO_INCREMENT,
  `nomb_cargo` varchar(150) DEFAULT NULL COMMENT 'Este campo almacena el nombre del cargo',
  `perfil` varchar(200) DEFAULT NULL COMMENT 'Este campo almacena el perfil del aspirante',
  `desc_cargo` varchar(400) DEFAULT NULL COMMENT 'Este campo almacena la descripción del cargo (funciones)',
  `categoria` int(11) DEFAULT NULL,
  `t_contrato` int(11) DEFAULT NULL,
  `salario` decimal(10,0) DEFAULT NULL,
  `vi_salario` int(11) DEFAULT '1' COMMENT 'Visibilidad del salario',
  `id_empresa` varchar(60) DEFAULT NULL COMMENT 'Este campo almacena el Nit de la empresa',
  `estado` varchar(30) DEFAULT '1',
  `fecha_ini` date DEFAULT NULL,
  `fecha_fin` date DEFAULT NULL,
  `created_at` datetime DEFAULT NULL,
  `updated_at` datetime DEFAULT NULL,
  PRIMARY KEY (`id`),
  KEY `FK_convocatoria_categorias` (`categoria`),
  KEY `FK_convocatoria_empresa` (`id_empresa`),
  KEY `FK_convocatoria_tipodecontrato` (`t_contrato`),
  CONSTRAINT `FK_convocatoria_categorias` FOREIGN KEY (`categoria`) REFERENCES `categorias` (`id`) ON DELETE CASCADE ON UPDATE CASCADE,
  CONSTRAINT `FK_convocatoria_empresa` FOREIGN KEY (`id_empresa`) REFERENCES `empresa` (`id`) ON DELETE CASCADE ON UPDATE CASCADE,
  CONSTRAINT `FK_convocatoria_tipodecontrato` FOREIGN KEY (`t_contrato`) REFERENCES `tipo_de_contrato` (`id`) ON DELETE CASCADE ON UPDATE CASCADE
) ENGINE=InnoDB AUTO_INCREMENT=35 DEFAULT CHARSET=utf8;

/*Data for the table `convocatoria` */

LOCK TABLES `convocatoria` WRITE;

insert  into `convocatoria`(`id`,`nomb_cargo`,`perfil`,`desc_cargo`,`categoria`,`t_contrato`,`salario`,`vi_salario`,`id_empresa`,`estado`,`fecha_ini`,`fecha_fin`,`created_at`,`updated_at`) values (6,'Desarrollador Junior','Ingeniero de sistemas','A;B;C;D;E;F;G;H;I',2,3,'500000',0,'45454545','1','2020-08-30','2020-11-26','2019-08-30 18:22:29','2019-11-22 04:22:38'),(7,'Chef II','Jefe de chefs','Liderar,aconsejar,capacitar,orientar a grupo de auxiliares de cocina;generenciar los productos del almacen;contestar llamadas;desarrollar ideas de empredimiento e innovación',2,3,'1200000',1,'80808080','1','2020-11-16','2020-11-28','2019-08-30 18:22:29','2019-12-04 17:04:17'),(8,'Mensajero Profesional','Auxiliar de mensajería ','a;w;e;r;t;o;p;q;e',2,2,'898000',1,'80808080','1','2020-11-21','2020-12-19','2019-11-22 01:23:35','2019-11-29 17:15:43'),(30,'Enfermera','Auxiliar de enfermeria','a;b;v;f;g;t;t;q;d;c',1,1,'898000',0,'80808080','1','2020-11-21','2020-12-26','2019-11-22 02:54:23','2019-11-22 02:54:23'),(31,'Terapeuta','Fisioterapeuta','p;y;t;a;c;d;cr;cdd;cs;s;a',1,1,'898000',0,'80808080','1','2020-11-21','2020-12-26','2019-11-22 02:55:32','2019-11-22 04:21:45'),(32,'CHEF','Ayudante de cocina','lavar los platos;preparar jugos.',4,3,'898000',0,'80808080','1','2021-02-02','2021-02-09',NULL,NULL),(33,'Cantante profesional','Vocalista principal','Cante, componer canciones, revisar acordes musicales',11,1,'898000',1,'45454545','2','2021-02-12','2021-02-19',NULL,NULL),(34,'Jardinero','Jardinero','Podar plantas',6,1,'898000',0,'45454545','1','2021-02-12','2021-02-19',NULL,NULL);

UNLOCK TABLES;

/*Table structure for table `empresa` */

DROP TABLE IF EXISTS `empresa`;

CREATE TABLE `empresa` (
  `id` varchar(60) NOT NULL COMMENT 'Nit de la empresa',
  `nomb_emp` varchar(60) NOT NULL,
  `razon_s` varchar(100) DEFAULT NULL,
  `direccion` varchar(300) DEFAULT NULL,
  `logo` varchar(50) DEFAULT NULL,
  `telefono_emp` varchar(200) DEFAULT NULL,
  `emai_emp` varchar(300) DEFAULT NULL,
  `created_at` datetime DEFAULT NULL,
  `updated_at` datetime DEFAULT NULL,
  PRIMARY KEY (`id`),
  CONSTRAINT `FK_empresa_users` FOREIGN KEY (`id`) REFERENCES `users` (`id`) ON DELETE CASCADE ON UPDATE CASCADE
) ENGINE=InnoDB DEFAULT CHARSET=utf8;

/*Data for the table `empresa` */

LOCK TABLES `empresa` WRITE;

insert  into `empresa`(`id`,`nomb_emp`,`razon_s`,`direccion`,`logo`,`telefono_emp`,`emai_emp`,`created_at`,`updated_at`) values ('45454545','VELROSE','CORPORACIÓN CENTRO DE DESARROLLO TECNOLÓGICO DEL CARIBE - b14_26734725_zimep CORPORACIÓN CENTRO DE DESARROLLO T','pozon mz 172 l9','45454545.png','3145447523',NULL,NULL,NULL),('6767679','VELROSE','CORPORACIÓN CENTRO DE DESARROLLO TECNOLÓGICO DEL CARIBE - b14_26734725_zimep CORPORACIÓN CENTRO DE DESARROLLO T','pozon mz 172 l9','6767679.png','3145447523',NULL,NULL,NULL),('67676799','VELROSE','CORPORACIÓN CENTRO DE DESARROLLO TECNOLÓGICO DEL CARIBE - b14_26734725_zimep CORPORACIÓN CENTRO DE DESARROLLO T','pozon mz 172 l9','67676799.png','3145447523',NULL,NULL,NULL),('676767999','VELROSE','CORPORACIÓN CENTRO DE DESARROLLO TECNOLÓGICO DEL CARIBE - b14_26734725_zimep CORPORACIÓN CENTRO DE DESARROLLO T','pozon mz 172 l9','676767999.png','3145447523',NULL,NULL,NULL),('80808080','Claro Colombia','Claro es una subsidiaria de América Móvil, el proveedor líder de servicios de telecomunicaciones en ','Bolívar, Cartagena de Indias','80808080.png','31454467789','alguien2@gmail.com','2019-10-28 19:25:30','2019-10-28 19:25:34'),('900101279','b14_26734725_zimep','CORPORACIÓN CENTRO DE DESARROLLO TECNOLÓGICO DEL CARIBE - b14_26734725_zimep','CARTAGENA, CENTRO, CLL DE LA UNIVERSIDAD, EDIF. GANEM OF. 306 ',NULL,'6644734',NULL,'2019-11-25 15:35:45','2019-11-25 15:35:45');

UNLOCK TABLES;

/*Table structure for table `estado_civil` */

DROP TABLE IF EXISTS `estado_civil`;

CREATE TABLE `estado_civil` (
  `esta_pers` int(11) NOT NULL COMMENT 'Codigo del estado civil',
  `desc_esta` varchar(30) DEFAULT '' COMMENT 'Descripción del estado civil',
  `acti_esta` enum('0','1') DEFAULT '1',
  PRIMARY KEY (`esta_pers`)
) ENGINE=InnoDB DEFAULT CHARSET=utf8;

/*Data for the table `estado_civil` */

LOCK TABLES `estado_civil` WRITE;

insert  into `estado_civil`(`esta_pers`,`desc_esta`,`acti_esta`) values (0,'No Registra','1'),(1,'Casado(a)','1'),(2,'Soltero(a)','1'),(3,'Separado(a)','1'),(4,'Unión Libre','1'),(5,'Viudo(a)','1'),(6,'Divorciado(a)','1'),(7,'Madre Soltera','1'),(8,'Religioso(a)','1');

UNLOCK TABLES;

/*Table structure for table `idioma` */

DROP TABLE IF EXISTS `idioma`;

CREATE TABLE `idioma` (
  `id` int(11) NOT NULL AUTO_INCREMENT,
  `abreviatura` varchar(300) DEFAULT NULL,
  `desc` varchar(300) DEFAULT NULL,
  `created_at` datetime DEFAULT NULL,
  `updated_at` datetime DEFAULT NULL,
  PRIMARY KEY (`id`)
) ENGINE=InnoDB AUTO_INCREMENT=13 DEFAULT CHARSET=utf8;

/*Data for the table `idioma` */

LOCK TABLES `idioma` WRITE;

insert  into `idioma`(`id`,`abreviatura`,`desc`,`created_at`,`updated_at`) values (1,'cat','Catalán','2019-07-22 17:30:34','2019-07-22 17:30:34'),(2,'deu/ger','Alemán','2019-07-22 17:30:34','2019-07-22 17:30:34'),(3,'eng','Inglés','2019-07-22 17:30:34','2019-07-22 17:30:34'),(4,'epo','Esperanto','2019-07-22 17:30:34','2019-07-22 17:30:34'),(5,'fra/fre','Francés','2019-07-22 17:30:34','2019-07-22 17:30:34'),(6,'ita','Italiano','2019-07-22 17:30:34','2019-07-22 17:30:34'),(7,'jpn','Japonés','2019-07-22 17:30:34','2019-07-22 17:30:34'),(8,'cor','Coreano','2019-07-22 17:30:34','2019-07-22 17:30:34'),(9,'por','Portugués','2019-07-22 17:30:34','2019-07-22 17:30:34'),(10,'rus','Ruso','2019-07-22 17:30:34','2019-07-22 17:30:34'),(11,'swe','Sueco','2019-07-22 17:30:34','2019-07-22 17:30:34'),(12,'ara','Árabe','2019-07-22 17:30:34','2019-07-22 17:30:34');

UNLOCK TABLES;

/*Table structure for table `perfil_lab` */

DROP TABLE IF EXISTS `perfil_lab`;

CREATE TABLE `perfil_lab` (
  `id` int(11) NOT NULL AUTO_INCREMENT,
  `desc_perfil` varchar(300) DEFAULT NULL,
  `cat_lab` int(11) DEFAULT NULL,
  PRIMARY KEY (`id`),
  KEY `FK_perfil_lab` (`cat_lab`),
  CONSTRAINT `FK_perfil_lab` FOREIGN KEY (`cat_lab`) REFERENCES `cat_laboral` (`id`) ON DELETE CASCADE ON UPDATE CASCADE
) ENGINE=InnoDB AUTO_INCREMENT=9630 DEFAULT CHARSET=utf8;

/*Data for the table `perfil_lab` */

LOCK TABLES `perfil_lab` WRITE;

insert  into `perfil_lab`(`id`,`desc_perfil`,`cat_lab`) values (1211,'Directores financieros',121),(1212,'Directores de recursos humanos',121),(1213,'Directores de políticas y planeación',121),(1219,'Directores de administración y servicios no clasificados en otros grupos primarios',121),(1221,'Directores de ventas y comercialización',122),(1222,'Directores de publicidad y relaciones públicas',122),(1223,'Directores de investigación y desarrollo',122),(1311,'Directores de producción agropecuaria y silvicultura',131),(1312,'Directores de producción de piscicultura y pesca',131),(1321,'Directores de industrias manufactureras',132),(1322,'Directores de explotaciones de minería',132),(1323,'Directores de empresas de construcción',132),(1324,'Directores de empresas de abastecimiento, distribución y afines',132),(1330,'Directores de servicios de tecnología de la información y las comunicaciones',133),(1341,'Directores de servicios de cuidados infantiles',134),(1342,'Directores de servicios de salud',134),(1343,'Directores de servicios de atención a personas mayores',134),(1344,'Directores  de servicios de bienestar social',134),(1345,'Directores de servicios de educación',134),(1346,'Gerentes de sucursales de bancos, de servicios financieros y de seguros',134),(1349,'Directores y gerentes de servicios profesionales no clasificados en otros grupos primarios',134),(1411,'Gerentes de hoteles',141),(1412,'Gerentes de restaurantes',141),(1420,'Gerentes de comercios al por mayor y al por menor',142),(1431,'Gerentes de centros deportivos, de esparcimiento y culturales',143),(1439,'Otros gerentes de servicios no clasificados en otros grupos primarios',143),(2111,'Físicos y astrónomos ',211),(2112,'Meteorólogos',211),(2113,'Químicos',211),(2114,'Geólogos y geofísicos',211),(2120,'Matemáticos, actuarios y estadísticos',212),(2131,'Biólogos, botánicos, zoólogos y afines',213),(2132,'Agrónomos, silvicultores, zootecnistas y afines',213),(2133,'Profesionales de la protección medioambiental',213),(2141,'Ingenieros industriales y de producción',214),(2142,'Ingenieros civiles',214),(2143,'Ingenieros medioambientales',214),(2144,'Ingenieros mecánicos',214),(2145,'Ingenieros químicos',214),(2146,'Ingenieros de minas, metalúrgicos y afines',214),(2149,'Ingenieros no clasificados en otros grupos primarios',214),(2151,'Ingenieros electricistas',215),(2152,'Ingenieros electrónicos',215),(2153,'Ingenieros de telecomunicaciones',215),(2161,'Arquitectos constructores',216),(2162,'Arquitectos paisajistas',216),(2163,'Diseñadores de productos y de prendas',216),(2164,'Planificadores urbanos, regionales y de tránsito',216),(2165,'Cartógrafos y topógrafos',216),(2166,'Diseñadores gráficos y multimedia',216),(2211,'Médicos generales',221),(2212,'Médicos especialistas ',221),(2221,'Profesionales de enfermería',222),(2222,'Profesionales de partería',222),(2230,'Profesionales de medicina tradicional y alternativa',223),(2240,'Paramédicos e instrumentadores quirúrgicos',224),(2250,'Veterinarios',225),(2261,'Odontólogos',226),(2262,'Farmacéuticos',226),(2263,'Profesionales de la salud y la higiene laboral y ambiental',226),(2264,'Fisioterapeutas ',226),(2265,'Dietistas y nutricionistas',226),(2266,'Fonoaudiólogos y terapeutas del lenguaje',226),(2267,'Optómetras',226),(2269,'Otros profesionales de la salud no clasificados en otros grupos primarios',226),(2310,'Profesores de instituciones de educación superior',231),(2320,'Profesores de formación profesional',232),(2330,'Profesores de educación secundaria',233),(2341,'Profesores de educación primaria',234),(2342,'Profesores de primera infancia ',234),(2351,'Especialistas en métodos pedagógicos',235),(2352,'Profesores de educación especial e inclusiva',235),(2353,'Otros profesores de idiomas',235),(2354,'Otros profesores de música',235),(2355,'Otros profesores de artes',235),(2356,'Instructores de tecnología de la información',235),(2359,'Otros profesionales de la educación no clasificados en otros grupos primarios',235),(2411,'Contadores',241),(2412,'Asesores financieros y de inversiones',241),(2413,'Analistas financieros',241),(2421,'Analistas de gestión y organización',242),(2422,'Profesionales en políticas de administración',242),(2423,'Profesionales de gestión de talento humano',242),(2424,'Profesionales en formación y desarrollo de personal',242),(2431,'Profesionales de la publicidad y la comercialización',243),(2432,'Profesionales de relaciones públicas',243),(2433,'Profesionales de ventas técnicas y médicas (excluyendo las TIC)',243),(2434,'Profesionales de ventas de tecnología de la información y las comunicaciones',243),(2511,'Analistas de sistemas',251),(2512,'Desarrolladores de software',251),(2513,'Desarrolladores web y multimedia',251),(2514,'Programadores de aplicaciones',251),(2519,'Desarrolladores y analistas de software y multimedia no clasificados en otros grupos primarios',251),(2521,'Diseñadores y administradores de bases de datos',252),(2522,'Administradores de sistemas',252),(2523,'Profesionales en redes de computadores',252),(2529,'Profesionales en bases de datos y en redes de computadores no clasificados en otros grupos primarios',252),(2611,'Abogados',261),(2612,'Jueces',261),(2619,'Profesionales en derecho no clasificados en otros grupos primarios',261),(2621,'Archivistas y curadores de arte',262),(2622,'Bibliotecarios, documentalistas y afines',262),(2631,'Economistas',263),(2632,'Sociólogos, antropólogos y afines',263),(2633,'Filósofos, historiadores y especialistas en ciencias políticas',263),(2634,'Psicólogos',263),(2635,'Profesionales del trabajo social y consejeros',263),(2636,'Profesionales religiosos',263),(2641,'Autores y otros escritores',264),(2642,'Periodistas',264),(2643,'Traductores, intérpretes y otros lingüistas',264),(2651,'Escultores, pintores artísticos y afines',265),(2652,'Compositores, músicos y cantantes',265),(2653,'Coreógrafos y bailarines',265),(2654,'Directores y productores de cine, de teatro y afines',265),(2655,'Actores',265),(2656,'Locutores de radio, televisión y otros medios de comunicación',265),(2659,'Artistas creativos e interpretativos no clasificados en otros grupos primarios',265),(3111,'Técnicos en ciencias físicas y químicas',311),(3112,'Técnicos en ingeniería civil',311),(3113,'Electrotécnicos',311),(3114,'Técnicos en electrónica',311),(3115,'Técnicos en ingeniería mecánica',311),(3116,'Técnicos en química industrial',311),(3117,'Técnicos de minas y metalurgia',311),(3118,'Delineantes y dibujantes técnicos',311),(3119,'Técnicos en ciencias físicas y en ingeniería no clasificados en otros grupos primarios',311),(3121,'Supervisores de minas',312),(3122,'Supervisores de industrias manufactureras',312),(3123,'Supervisores de la construcción',312),(3131,'Operadores de plantas de producción de energía',313),(3132,'Operadores de incineradores, instalaciones de tratamiento de agua y afines',313),(3133,'Controladores de instalaciones de procesamiento de productos químicos',313),(3134,'Operadores de instalaciones de refinación de petróleo y gas natural',313),(3135,'Controladores de procesos de producción de metales',313),(3139,'Técnicos en control de procesos no clasificados en otros grupos primarios',313),(3141,'Técnicos en ciencias biológicas (excluyendo la medicina)',314),(3142,'Técnicos agropecuarios',314),(3143,'Técnicos forestales',314),(3151,'Oficiales maquinistas en navegación',315),(3152,'Capitanes, oficiales de cubierta y prácticos',315),(3153,'Pilotos de aviación y afines',315),(3154,'Controladores de tráfico aéreo y marítimo',315),(3155,'Técnicos en seguridad aeronáutica',315),(3211,'Técnicos en aparatos de diagnóstico y tratamiento médico',321),(3212,'Técnicos de laboratorios médicos',321),(3213,'Técnicos y asistentes farmacéuticos',321),(3214,'Técnicos de prótesis médicas y dentales',321),(3221,'Técnicos y profesionales del nivel medio en enfermería',322),(3222,'Técnicos y profesionales del nivel medio en partería',322),(3230,'Técnicos y profesionales del nivel medio en medicina tradicional y alternativa',323),(3240,'Técnicos y asistentes veterinarios',324),(3251,'Higienistas y asistentes odontologícos',325),(3252,'Técnicos en documentación sanitaria',325),(3253,'Trabajadores comunitarios de la salud',325),(3254,'Técnicos en optometría y ópticas',325),(3255,'Técnicos y asistentes terapeutas',325),(3256,'Asistentes médicos',325),(3257,'Inspectores de seguridad, salud ocupacional, medioambiental y afines',325),(3258,'Técnicos en atención prehospitalaria',325),(3259,'Otros técnicos y profesionales del nivel medio de la salud no clasificados en otros grupos primarios',325),(3311,'Agentes de bolsa, cambio y otros servicios financieros',331),(3312,'Analistas de préstamos y créditos',331),(3313,'Técnicos de contabilidad y afines',331),(3314,'Técnicos y profesionales del nivel medio de servicios estadísticos, matemáticos y afines',331),(3315,'Tasadores y evaluadores',331),(3321,'Agentes de seguros',332),(3322,'Representantes comerciales',332),(3323,'Agentes de compras',332),(3324,'Agentes de operaciones comerciales y consignatarios',332),(3331,'Declarantes o gestores de aduana',333),(3332,'Organizadores de conferencias y eventos',333),(3333,'Agentes de empleo y contratistas de mano de obra',333),(3334,'Agentes inmobiliarios',333),(3339,'Agentes de servicios comerciales no clasificados en otros grupos primarios',333),(3341,'Supervisores de oficina',334),(3342,'Secretarios jurídicos',334),(3343,'Secretarios administrativos y ejecutivos',334),(3344,'Secretarios médicos',334),(3351,'Agentes de aduanas e inspectores de fronteras',335),(3352,'Agentes de administración tributaria',335),(3353,'Agentes de servicios de seguridad social',335),(3354,'Agentes gubernamentales de expedición de licencias',335),(3355,'Inspectores de policía y detectives',335),(3359,'Agentes de gobierno y profesionales del nivel medio para la aplicación de regulaciones no clasificados en otros grupos primarios',335),(3411,'Técnicos y profesionales del nivel medio del derecho, de servicios legales y afines',341),(3412,'Trabajadores y asistentes sociales',341),(3413,'Auxiliares laicos de las religiones',341),(3421,'Atletas y deportistas',342),(3422,'Entrenadores, instructores y árbitros de actividades deportivas',342),(3423,'Instructores de educación física y actividades recreativas',342),(3431,'Fotógrafos',343),(3432,'Diseñadores y decoradores de interiores',343),(3433,'Técnicos en galerías de arte, museos y bibliotecas',343),(3434,'Chefs',343),(3435,'Otros técnicos y profesionales del nivel medio en actividades culturales y artísticas',343),(3511,'Técnicos en operaciones de tecnología de la información y las comunicaciones',351),(3512,'Técnicos en asistencia y soporte al usuario de tecnología de la información y las comunicaciones',351),(3513,'Técnicos en redes y sistemas de computación',351),(3514,'Técnicos de la Web',351),(3521,'Técnicos de radiodifusión y grabación audio visual',352),(3522,'Técnicos de ingeniería de las telecomunicaciones',352),(4110,'Oficinistas generales',411),(4120,'Secretarios generales',412),(4131,'Operadores de máquinas de procesamiento de texto y mecanógrafos',413),(4132,'Grabadores de datos',413),(4211,'Cajeros de bancos y afines',421),(4212,'Receptores de apuestas y afines',421),(4213,'Prestamistas',421),(4214,'Cobradores y afines',421),(4221,'Empleados y consultores de viajes',422),(4222,'Empleados de centros de llamadas',422),(4223,'Telefonistas',422),(4224,'Recepcionistas de hoteles',422),(4225,'Empleados de ventanillas de información',422),(4226,'Recepcionistas generales',422),(4227,'Entrevistadores de encuestas y de investigaciones de mercados',422),(4229,'Otros empleados de servicios de información al cliente no clasificados en otros grupos primarios',422),(4311,'Auxiliares de contabilidad y cálculo de costos',431),(4312,'Auxiliares de servicios estadísticos, financieros y de seguros',431),(4313,'Auxiliares encargados de las nóminas',431),(4321,'Empleados de control de abastecimientos e inventario',432),(4322,'Empleados de servicios de apoyo a la producción',432),(4323,'Empleados de servicios de transporte',432),(4411,'Empleados de bibliotecas',441),(4412,'Empleados de servicios de correos',441),(4413,'Codificadores de datos, correctores de pruebas de imprenta y afines',441),(4414,'Escribientes públicos y afines',441),(4415,'Empleados de archivos',441),(4416,'Empleados del servicio de personal',441),(4419,'Otro personal de apoyo administrativo no clasificados en otros grupos primarios',441),(5111,'Personal de servicio a pasajeros',511),(5112,'Revisores y cobradores de los transportes públicos',511),(5113,'Guías',511),(5131,'Meseros',513),(5132,'Bármanes',513),(5141,'Peluqueros',514),(5142,'Especialistas en tratamientos de belleza y afines',514),(5151,'Supervisores  de mantenimiento y limpieza en oficinas, hoteles y otros establecimientos',515),(5152,'Mayordomos domésticos',515),(5153,'Conserjes y afines',515),(5161,'Astrólogos, adivinos y trabajadores afines',516),(5162,'Acompañantes ',516),(5163,'Personal de servicios funerarios y embalsamadores',516),(5164,'Cuidadores de animales',516),(5165,'Instructores de conducción',516),(5169,'Otros trabajadores de servicios personales no clasificados en otros grupos primarios',516),(5211,'Vendedores en quioscos y puestos de mercado',521),(5212,'Vendedores ambulantes de alimentos preparados para consumo inmediato',521),(5221,'Comerciantes de tiendas',522),(5222,'Supervisores de tiendas y almacenes',522),(5223,'Vendedores y auxiliares de venta en tiendas, almacenes y afines',522),(5230,'Cajeros de comercio, taquilleros y expendedores de boletas',523),(5241,'Modelos de moda, arte y publicidad',524),(5242,'Demostradores de tiendas, almacenes y afines',524),(5243,'Vendedores puerta a puerta ',524),(5244,'Vendedores a través de medios tecnológicos',524),(5245,'Expendedores de combustibles para vehículos',524),(5246,'Vendedores de comidas en mostrador ',524),(5249,'Otros vendedores no clasificados en otros grupos primarios',524),(5311,'Cuidadores de niños',531),(5312,'Auxiliares de maestros',531),(5321,'Trabajadores de los cuidados personales en instituciones',532),(5322,'Trabajadores de los cuidados personales a domicilio',532),(5329,'Trabajadores de los cuidados personales en servicios de salud no clasificados en otros grupos primarios',532),(5411,'Bomberos y rescatistas',541),(5412,'Policías',541),(5413,'Guardianes de prisión',541),(5414,'Guardias de seguridad',541),(5419,'Personal de los servicios de protección no clasificados en otros grupos primarios',541),(6111,'Agricultores y trabajadores calificados de cultivos extensivos',611),(6112,'Agricultores y trabajadores calificados de plantaciones de árboles y arbustos',611),(6113,'Agricultores y trabajadores calificados de huertas, invernaderos, viveros y jardines',611),(6114,'Agricultores y trabajadores calificados de cultivos mixtos',611),(6121,'Criadores de ganado y trabajadores de la cría de animales domésticos (excepto aves de corral)',612),(6122,'Avicultores y trabajadores calificados de la avicultura',612),(6123,'Criadores y trabajadores calificados de la apicultura y la sericicultura',612),(6129,'Criadores y trabajadores pecuarios calificados, avicultores y criadores de insectos no clasificados en otros grupos primarios',612),(6130,'Productores y trabajadores calificados de explotaciones agropecuarias mixtas cuya producción se destina al mercado',613),(6210,'Trabajadores forestales calificados y afines',621),(6221,'Trabajadores de explotaciones de acuicultura',622),(6222,'Pescadores de agua dulce y en aguas costeras',622),(6223,'Pescadores de alta mar',622),(6224,'Cazadores y tramperos',622),(6310,'Trabajadores agrícolas de subsistencia',631),(6330,'Trabajadores agropecuarios de subsistencia',633),(7111,'Constructores de casas',711),(7112,'Albañiles',711),(7113,'Labrantes, tronzadores y grabadores de piedra',711),(7114,'Operarios en cemento armado, enfoscadores y afines',711),(7115,'Carpinteros de armar y de obra blanca',711),(7119,'Oficiales y operarios de la construcción de obra gruesa y afines no clasificados en otros grupos primarios',711),(7121,'Techadores',712),(7122,'Enchapadores, parqueteros y colocadores de suelos',712),(7123,'Revocadores',712),(7124,'Instaladores de material aislante y de insonorización',712),(7125,'Cristaleros',712),(7126,'Fontaneros e instaladores de tuberías',712),(7127,'Mecánicos montadores de aire acondicionado y refrigeración',712),(7131,'Pintores y empapeladores',713),(7132,'Barnizadores y afines',713),(7133,'Limpiadores de fachadas y deshollinadores',713),(7211,'Moldeadores y macheros',721),(7212,'Soldadores y oxicortadores',721),(7213,'Chapistas y caldereros',721),(7214,'Montadores de estructuras metálicas',721),(7215,'Aparejadores y empalmadores de cables',721),(7221,'Herreros y forjadores',722),(7222,'Herramentistas y afines',722),(7223,'Ajustadores y operadores de máquinas herramientas',722),(7224,'Pulidores de metales y afiladores de herramientas',722),(7231,'Mecánicos y reparadores de vehículos de motor',723),(7232,'Mecánicos y reparadores de sistemas y motores de aeronaves',723),(7233,'Mecánicos y reparadores de máquinas agrícolas e industriales',723),(7234,'Reparadores de bicicletas y afines',723),(7311,'Mecánicos y reparadores de instrumentos de precisión',731),(7312,'Fabricantes y afinadores de instrumentos musicales',731),(7313,'Se desagrega en 7361, 7362 y 7363 por adaptación',731),(7314,'Alfareros y ceramistas (barro y arcilla)',731),(7315,'Sopladores, modeladores, laminadores, cortadores y pulidores de vidrio',731),(7316,'Rotulistas, pintores decorativos y grabadores',731),(7317,'Se desagrega en 7341, 7342, 7351 y 7352 por adaptación',731),(7318,'Se desagrega en 7331, 7332, 7333 y 7370 por adaptación',731),(7319,'Se desagrega en 7391, 7392, 7393 y 7399 por adaptación',731),(7321,'Preimpresores y afines',732),(7322,'Impresores',732),(7323,'Encuadernadores y afines',732),(7331,'Tejedores con telares',733),(7332,'Tejedores con agujas',733),(7333,'Otros tejedores',733),(7341,'Cesteros y mimbreros',734),(7342,'Sombrereros artesanales',734),(7351,'Tallador piezas artesanales de madera',735),(7352,'Decoradores de piezas artesanales en madera',735),(7361,'Joyeros',736),(7362,'Orfebres y plateros',736),(7363,'Bisutero',736),(7370,'Artesanos del cuero',737),(7391,'Artesanos de papel',739),(7392,'Artesanos del hierro y otros metales',739),(7393,'Artesanos de las semillas y cortezas vegetales',739),(7399,'Artesanos de otros materiales no clasificados en otros grupos primarios',739),(7411,'Electricistas de obras y afines',741),(7412,'Ajustadores electricistas',741),(7413,'Instaladores y reparadores de líneas eléctricas ',741),(7421,'Ajustadores e instaladores en electrónica',742),(7422,'Instaladores y reparadores en tecnología de la información y las comunicaciones',742),(7511,'Carniceros, pescaderos y afines',751),(7512,'Panaderos, pasteleros y confiteros',751),(7513,'Operarios de la elaboración de productos lácteos',751),(7514,'Operarios de la conservación de frutas, legumbres, verduras y afines',751),(7515,'Catadores y clasificadores de alimentos y bebidas',751),(7516,'Preparadores y elaboradores de cigarros y productos del tabaco ',751),(7521,'Operarios del tratamiento de la madera',752),(7522,'Ebanistas y carpinteros (excluye carpinteros de armar y de obra blanca)',752),(7523,'Ajustadores y operadores de máquinas para trabajar madera',752),(7531,'Sastres, modistos, peleteros y sombrereros',753),(7532,'Patronistas y cortadores de tela, cuero y afines',753),(7533,'Costureros, bordadores y afines',753),(7534,'Tapiceros, colchoneros y afines',753),(7535,'Apelambradores, pellejeros y curtidores',753),(7536,'Zapateros y afines',753),(7541,'Buzos',754),(7542,'Dinamiteros y pegadores',754),(7543,'Clasificadores y probadores de productos (excluyendo alimentos y bebidas)',754),(7544,'Fumigadores y otros controladores de plagas y malas hierbas',754),(7549,'Otros oficiales, operarios y oficios relacionados no clasificados en otros grupos primarios',754),(8111,'Mineros y operadores de instalaciones mineras',811),(8112,'Operadores de instalaciones de procesamiento de minerales y rocas',811),(8113,'Perforadores y sondistas de pozos y afines',811),(8114,'Operadores de máquinas para fabricar cemento y otros productos minerales',811),(8121,'Operadores de instalaciones de procesamiento de metales',812),(8122,'Operadores de máquinas pulidoras, galvanizadoras y recubridoras de metales ',812),(8131,'Operadores de plantas y máquinas de productos químicos',813),(8132,'Operadores de máquinas para fabricar productos fotográficos',813),(8141,'Operadores de máquinas para fabricar productos de caucho',814),(8142,'Operadores de máquinas para fabricar productos de material plástico',814),(8143,'Operadores de máquinas para fabricar productos de papel',814),(8151,'Operadores de máquinas de preparación de fibras, hilado y devanado',815),(8152,'Operadores de telares y otras máquinas tejedoras',815),(8153,'Operadores de máquinas de coser',815),(8154,'Operadores de máquinas de blanqueamiento, teñido y limpieza de tejidos',815),(8155,'Operadores de máquinas de tratamiento de pieles y cueros',815),(8156,'Operadores de máquinas para la fabricación de calzado y afines',815),(8157,'Operadores de máquinas de lavandería',815),(8159,'Operadores de máquinas para fabricar productos textiles y artículos de piel y cuero no clasificados en otros grupos primarios',815),(8160,'Operadores de máquinas para elaborar alimentos y productos afines',816),(8171,'Operadores de instalaciones para la preparación de papel y de pasta para papel',817),(8172,'Operadores de instalaciones de procesamiento de la madera',817),(8181,'Operadores de máquinas y de instalaciones para elaborar productos de vidrio y cerámica',818),(8182,'Operadores de máquinas de vapor y calderas',818),(8183,'Operadores de máquinas de embalaje, embotellamiento y etiquetado ',818),(8189,'Otros operadores de máquinas y de instalaciones fijas no clasificados en otros grupos primarios',818),(8211,'Ensambladores de maquinaria mecánica',821),(8212,'Ensambladores de equipos eléctricos y electrónicos',821),(8219,'Ensambladores no clasificados en otros grupos primarios',821),(8311,'Maquinistas de locomotoras',831),(8312,'Guardafrenos, guardagujas y agentes de maniobras',831),(8321,'Conductores de motocicletas',832),(8322,'Se desagrega en 8323 y 8324 por adaptación',832),(8323,'Conductores de camionetas y vehículos livianos',832),(8324,'Conductores de taxis',832),(8331,'Conductores de buses, microbuses y tranvías',833),(8332,'Conductores de camiones y vehículos pesados',833),(8341,'Operadores de maquinaria agrícola y forestal móvil',834),(8342,'Operadores de máquinas de movimiento de tierras, construcción de vías y afines',834),(8343,'Operadores de grúas, aparatos elevadores y afines',834),(8344,'Operadores de montacargas',834),(8350,'Marineros de cubierta y afines',835),(9111,'Personal doméstico',911),(9112,'Aseadores de oficinas, hoteles y otros establecimientos',911),(9121,'Lavanderos y planchadores manuales',912),(9122,'Lavadores de vehículos',912),(9123,'Limpiadores de ventanas',912),(9129,'Otro personal de limpieza no clasificados en otros grupos primarios',912),(9211,'Obreros y peones de explotaciones agrícolas',921),(9212,'Obreros y peones de explotaciones ganaderas',921),(9213,'Obreros y peones de explotaciones agropecuarias',921),(9214,'Obreros y peones de jardinería y horticultura',921),(9215,'Obreros y peones forestales',921),(9216,'Obreros y peones de pesca y acuicultura',921),(9311,'Obreros y peones de minas y canteras',931),(9312,'Obreros y peones de obras públicas y mantenimiento',931),(9313,'Obreros y peones de la construcción de edificios',931),(9321,'Empacadores manuales',932),(9329,'Obreros y peones de la industria manufacturera no clasificados en otros grupos primarios',932),(9331,'Conductores de vehículos accionados a pedal o a brazo',933),(9332,'Conductores de vehículos y maquinaria de tracción animal',933),(9333,'Obreros y peones de carga',933),(9334,'Surtidores de estanterías',933),(9411,'Cocineros de comidas rápidas',941),(9412,'Ayudantes de cocina',941),(9510,'Trabajadores ambulantes de servicios y afines',951),(9520,'Vendedores ambulantes (excluyendo comidas de preparación inmediata)',952),(9611,'Recolectores de basura y material reciclable',961),(9612,'Clasificadores de desechos',961),(9613,'Barrenderos y afines',961),(9621,'Mensajeros, mandaderos, maleteros y repartidores',962),(9622,'Personas que realizan trabajos varios',962),(9623,'Se desagrega en 9625 y 9626 por adaptación',962),(9624,'Acarreadores de agua y recolectores de leña',962),(9625,'Recolectores de dinero y surtidores de máquinas de venta automática',962),(9626,'Lectores de medidores',962),(9629,'Otras ocupaciones elementales no clasificadas en otros grupos primarios',962);

UNLOCK TABLES;

/*Table structure for table `persona` */

DROP TABLE IF EXISTS `persona`;

CREATE TABLE `persona` (
  `codi_iden` varchar(60) DEFAULT NULL,
  `id` varchar(60) NOT NULL COMMENT 'Campo que almacena la identificación de la persona',
  `nomb_pers` varchar(60) NOT NULL COMMENT 'Campo que almacena los nombres de la persona',
  `ape_pers` varchar(60) NOT NULL COMMENT 'Campo que almacena los apellidos de la persona',
  `sexo` char(2) DEFAULT NULL COMMENT 'Campo que almacena el sexo de la persona',
  `fnac_pers` date DEFAULT NULL COMMENT 'Campo que almacena la fecha de nacimiento de la persona',
  `esta_pers` int(11) DEFAULT NULL COMMENT 'Campo que almacena el estado civil de la persona',
  `telefono1` varchar(200) DEFAULT NULL COMMENT 'Campo que almacena telefono de la persona',
  `telefono2` varchar(200) DEFAULT NULL COMMENT 'Campo que almacena telefono de la persona',
  `emai_pers` varchar(300) DEFAULT NULL COMMENT 'Campo que almacena el email o correo de la persona',
  `direccion` varchar(300) DEFAULT NULL COMMENT 'Campo que almacena la dirección de la persona',
  `foto_pers` varchar(50) DEFAULT NULL COMMENT 'Campo que almacena la foto de persona',
  `certificado_v` varchar(300) DEFAULT NULL COMMENT 'Camppo que almacena el certificado de vecindad',
  `id_cat` int(11) DEFAULT NULL,
  `created_at` datetime DEFAULT NULL COMMENT 'Campo que almacena la fecha en que la persona se registro en el sistema',
  `updated_at` datetime DEFAULT NULL,
  PRIMARY KEY (`id`),
  KEY `FK_personas` (`esta_pers`),
  KEY `FK_personas_tipo_identificacion` (`codi_iden`),
  KEY `FK_persona_tbl_cat_persona` (`id_cat`),
  CONSTRAINT `FK_persona_estadocivil` FOREIGN KEY (`esta_pers`) REFERENCES `estado_civil` (`esta_pers`) ON DELETE CASCADE ON UPDATE CASCADE,
  CONSTRAINT `FK_persona_t_iden` FOREIGN KEY (`codi_iden`) REFERENCES `tipo_identificacion` (`codi_iden`) ON DELETE CASCADE ON UPDATE CASCADE,
  CONSTRAINT `FK_persona_tbl_cat_persona` FOREIGN KEY (`id_cat`) REFERENCES `cat_persona` (`id`) ON DELETE CASCADE ON UPDATE CASCADE,
  CONSTRAINT `FK_persona_users` FOREIGN KEY (`id`) REFERENCES `users` (`id`) ON DELETE CASCADE ON UPDATE CASCADE
) ENGINE=InnoDB DEFAULT CHARSET=utf8;

/*Data for the table `persona` */

LOCK TABLES `persona` WRITE;

insert  into `persona`(`codi_iden`,`id`,`nomb_pers`,`ape_pers`,`sexo`,`fnac_pers`,`esta_pers`,`telefono1`,`telefono2`,`emai_pers`,`direccion`,`foto_pers`,`certificado_v`,`id_cat`,`created_at`,`updated_at`) values ('6','1001804427','JORGE LUIS','GARCÍA DE ÁVILA','M',NULL,NULL,'3045590989','','','Cl.La Ceiba Mz G Lt 24','1001804427.png',NULL,3,'2019-10-25 15:29:51','2019-11-18 08:12:29'),('6','1001937355','MARLON','MONTERROSA PUELLO','M',NULL,NULL,'3045864902','','','Cl.La Ceiba Mz F Lt 14','1001937355.png',NULL,3,'2019-10-25 15:29:51','2019-11-18 08:24:53'),('6','1001967507','MARY LUZ','ZAPATA CORTEZ','F','2000-04-03',NULL,'3053085793','','','Sector Villa Elfride Mz 9 Lt6','1001967507.png',NULL,3,'2019-10-25 15:29:51','2019-10-25 15:29:51'),('6','1001967641','YOFRE','LICONA MADERO','M','2000-02-14',2,'3005032270','3113510502','','Cl.La Ceiba Mz F Lt 6','1001967641.png',NULL,3,'2019-10-25 15:29:51','2019-10-25 15:29:51'),('6','1001968340','JOSÉ FRANCISCO','GARCÍA SAN MARTIN','M','2000-01-07',NULL,'3113308915','','','Cl La Ceiba ','1001968340.png',NULL,3,'2019-10-25 15:29:51','2019-10-25 15:29:51'),('6','1001971881','LUIS FELIPE','GONZÁLEZ MÁRQUEZ','M',NULL,NULL,'3023924190','','','Cl.Ceiba Mz B Lt 8','1001971881.png',NULL,3,'2019-10-25 15:29:51','2019-10-25 15:29:51'),('6','1001971882','ÁNGEL DUVAN','GONZÁLEZ MÁRQUEZ','M','1997-07-29',1,'3126357981','3004341706','','Cl.La Ceiba Mz D Lt 8','1001971882.png',NULL,3,'2019-10-25 15:29:51','2019-10-25 15:29:51'),('6','1001971883','NELSON','GONZÁLEZ MÁRQUEZ','M',NULL,NULL,'3046038201','','','Cl.La Ceiba Mz D Lt 8','1001971883.png',NULL,3,'2019-10-25 15:29:51','2019-10-25 15:29:51'),('1','1001973966','CLAUDIA','SIMANCAS HEREDIA','F','2001-10-19',2,'3205715397','','','membrillal calle las flores MZ H L 8','1001973966.png',NULL,3,'2019-10-25 15:29:51','2019-10-25 15:29:51'),('6','1002185480','JHORK LUIS','GARCÍA BENAVIDEZ','M',NULL,NULL,'3006759888','','','Cl. La Ceiba Mz G Lt 21','1002185480.png',NULL,3,'2019-10-25 15:29:51','2019-10-25 15:29:51'),('6','1002200443','LUIS ALBERTO','PÉREZ ACOSTA','M','1996-07-10',1,'3045713252','3126762137','luisperez7771@hotmail.com','Sector El Campo Mz I Lt 17B','1002200443.png',NULL,3,'2019-10-25 15:29:51','2019-10-25 15:29:51'),('6','1002201542','YEISON','BENAVIDES SANTOYA','M',NULL,NULL,'3102487605','','','Cl. La Ceiba, Mz B L14','1002201542.png',NULL,3,'2019-10-25 15:29:51','2019-10-25 15:29:51'),('6','1002202444','CAMILA ANDREA','ALFARO PADILLA','F','2000-03-07',2,'3143946032','','camilaalfaro16@hotmail.com','Cll Bues Aires ','1002202444.png',NULL,3,'2019-10-25 15:29:51','2019-10-25 15:29:51'),('6','1002203666','TARÍN ESTHER','NAVAS BLANCO','','2000-03-28',NULL,'3016246330','','','Cll Las Rosas Mz Flt 4','1002203666.png',NULL,3,'2019-10-25 15:29:51','2019-10-25 15:29:51'),('6','1002204239','LUIS ÁNGEL','ECHENIQUE DE ARCO','M','1999-11-10',2,'3003883633','','','Cll Las Brisas Mz Y Lt 1','1002204239.png',NULL,3,'2019-10-25 15:29:51','2019-10-25 15:29:51'),('6','1002388016','ELEARDO','RIVERA LARES','M','1987-10-08',NULL,'3178822695','','','Cll El Progreso Mz M Lt 3','1002388016.png',NULL,3,'2019-10-25 15:29:51','2019-10-25 15:29:51'),('6','1002388018','JESÚS DAVID','RIVERA LARES ','M','1994-09-24',2,'3226113907','','riberajesu2018@gmail.com','Membrilla Calle El Progreso Mnz M Lote 3 ','1002388018.png',NULL,3,'2019-10-25 15:29:51','2019-10-25 15:29:51'),('6','1002392757','SILVIA FERNANDA','MARRUGO ALFARO','F','1997-11-18',1,'3218812747','3135580024','','Cll Bues Aires Mz Ñ Lt 19','1002392757.png',NULL,3,'2019-10-25 15:29:51','2019-10-25 15:29:51'),('6','1002442773','JESÚS DAVID','FERNÁNDEZ DOMÍNGUEZ','M','1990-05-30',1,'3178054191','','','Cl.La Ceiba ','1002442773.png',NULL,3,'2019-10-25 15:29:51','2019-10-25 15:29:51'),('6','1002475665','JOSÉ EDUARDO','MONTERROSA VENEGAS ','M','1995-03-01',2,'3013946417','3004470451','kencySabalza18@hotmail.com','Cll Trujillo Mz M Lt 10','1002475665.png',NULL,3,'2019-10-25 15:29:51','2019-10-25 15:29:51'),('6','1002490102','EMERSON','MÁRQUEZ GUERRERO','M','1998-07-11',1,'3014730655','','','Cl. La Ceiba Mz  D Lt 72','1002490102.png',NULL,3,'2019-10-25 15:29:51','2019-10-25 15:29:51'),('6','1003189035','JOSÉ FERNANDO','ZÚÑIGA GONZÁLEZ','M',NULL,NULL,'3218286841','','','Cl. La Ceiba Mz F Lt 6','1003189035.png',NULL,3,'2019-10-25 15:29:51','2019-10-25 15:29:51'),('6','1003431920','ANDERSON','SEHUANES GARAVITO','M','1997-06-04',2,'3226174129','3135627763','anse-141@hotmail.com','Sector La Ceiba Mz F Lt 1','1003431920.png',NULL,3,'2019-10-25 15:29:51','2019-10-25 15:29:51'),('6','1003456280','DAVID ','ZÚÑIGA GONZÁLEZ','M','1996-07-23',2,'3234278911','3103710354','','Cl.La Ceiba Mz Z  Lt 9','1003456280.png',NULL,3,'2019-10-25 15:29:51','2019-10-25 15:29:51'),('6','1003456281','MIGUEL JOSÉ','ZÚÑIGA GONZÁLEZ','M','1998-04-25',2,'3116869390','3117793672','','Cl.La Ceiba Mz F Lt 6','1003456281.png',NULL,3,'2019-10-25 15:29:51','2019-10-25 15:29:51'),('6','1003456958','XAVIER','ZÚÑIGA GONZÁLEZ','M','1992-02-02',1,'3205647059','3046374605','kellysutriabalvis123-@hotmail.com','Cl. La Ceiba. Mz  F Lt 6','1003456958.png',NULL,3,'2019-10-25 15:29:51','2019-10-25 15:29:51'),('6','1007206186','EVA SANDRID','BERRIO JULIO','F','1998-02-24',NULL,'3016864310','','','Cll El Refugio Mz X Lt 30','1007206186.png',NULL,3,'2019-10-25 15:29:51','2019-10-25 15:29:51'),('6','1007206213','OLGA LUCIA','BERRIO JULIO','F','1999-03-27',NULL,'3016864310','','','Ccll El Progreso Mz X Lt 30','1007206213.png',NULL,3,'2019-10-25 15:29:51','2019-10-25 15:29:51'),('6','1007710879','LEONARDO FABIO','YEPES TAPIA','M','1995-07-31',NULL,'3113182004','','','Cll El Silenciomz I Lt 17','1007710879.png',NULL,3,'2019-10-25 15:29:51','2019-10-25 15:29:51'),('6','1010048756','CARLOS JAVIER','CERVANTES MIRANDA','M','1990-02-02',2,'3106557605','3128829746','','Cl. La Ceiba  Mz D Lt 71','1010048756.png',NULL,3,'2019-10-25 15:29:51','2019-10-25 15:29:51'),('6','1010095706','DANNY ALEXIS','LOAIZA VALENCIA','',NULL,NULL,'3128061645','','','Cl.Las Florez Mz H L 15','1010095706.png',NULL,3,'2019-10-25 15:29:51','2019-10-25 15:29:51'),('6','10143395093','LUIS ANÍBAL','YÉPEZ CARVAJAL','M','1996-07-17',2,'3233342273','','','Cll El Campo','10143395093.png',NULL,3,'2019-10-25 15:29:51','2019-10-25 15:29:51'),('6','1033774698','DIANA DEL CARMEN','MERCADO PADILLA','F','1995-03-06',NULL,'3167755402','','','Cll Las Rosas Mz E Lt 11','1033774698.png',NULL,3,'2019-10-25 15:29:51','2019-10-25 15:29:51'),('6','1041974511','JONATÁN DE JESÚS','CANTILLO MARTÍNEZ','M','2000-11-21',2,'3024335780','3205476289','jonatancantillo14@gmail.com','membrilla manz O lote 7','1041974511.png',NULL,3,'2019-10-25 15:29:51','2019-10-25 15:29:51'),('6','1041976314','ELKIN DAVID','AVILÉS NÚÑEZ','M','1997-09-03',1,'3218812747','','','Cll Bues Aires Mz Ñ Lt 19','1041976314.png',NULL,3,'2019-10-25 15:29:51','2019-10-25 15:29:51'),('6','1041977669','OMAR YESID','ACEVEDO FERNÁNDEZ','M','1999-11-06',NULL,'3125506447','','','Cll Las Brisas ','1041977669.png',NULL,3,'2019-10-25 15:29:51','2019-10-25 15:29:51'),('6','1043307080','JOHN JAIRO','SÁNCHEZ LICONA','M',NULL,NULL,'3205878650','','','Cl. La Ceiba  Mz F Lt 18','1043307080.png',NULL,3,'2019-10-25 15:29:51','2019-10-25 15:29:51'),('6','1043503017','YEIDYS ANDREA','RICO CASTRO','F','1998-05-28',2,'3146889517','3218915810','yedys2819@gmail.com','Cll Los Laureles Mz H Lt 5','1043503017.png',NULL,3,'2019-10-25 15:29:51','2019-10-25 15:29:51'),('6','1043645377','TATIANA','DÁVILA PUENTE','F','1996-10-01',1,'3173824613','','tatianadavila448@gmail.com','Cll Bues Aires Mz Ñ Lt 16','1043645377.png',NULL,3,'2019-10-25 15:29:51','2019-10-25 15:29:51'),('6','1044928356','RAFAEL ENRIQUE','BABILONIA ECHEVERRY','M','1994-12-06',2,'3042423954','3142314858','rafaelbabilonia3@gimail.com','Cl. La Ceiba Mz G Lt 21','1044928356.png',NULL,3,'2019-10-25 15:29:51','2019-10-25 15:29:51'),('6','1044938295','ANDRÉS FELIPE','BABILONIA ECHEVERRY ','M','1998-12-28',2,'3116418166','3116898846','maribabilonia9@hotmail.com','Cl.La Ceiba Mz G Lt 21','1044938295.png',NULL,3,'2019-10-25 15:29:51','2019-10-25 15:29:51'),('6','1045527205','YEIMER ALBEIRO','NARVÁEZ MUÑOZ ','M','1998-12-22',NULL,'3045605319','','','Cll Las Flores Mz I Lt 7A','1045527205.png',NULL,3,'2019-10-25 15:29:51','2019-10-25 15:29:51'),('6','1045713384','ROBERTO ANTONIO','LAN ESPISA','M','1992-06-09',2,'3126433605','','robertolan@gmail.com','Calle El Campo','1045713384.png',NULL,3,'2019-10-25 15:29:51','2019-10-25 15:29:51'),('6','1047364560','RONAL JOSÉ','BABILONIA RODELO','M','1985-09-20',1,'3126926356','','ronalbabilonia@hotmail.com','Cl. Villla Efride  Mz V  Lt 13','1047364560.png',NULL,3,'2019-10-25 15:29:51','2019-10-25 15:29:51'),('6','1047366018','MIGUEL ANTONIO','FIGUEROA SIMANCAS','M','1985-10-08',NULL,'3045679951','','','Sector La Gallera Calle La Fe Mz S Lt 16','1047366018.png',NULL,3,'2019-10-25 15:29:51','2019-10-25 15:29:51'),('6','1047374420','RMA LILIANA','GARCÍA MELLIZO','F',NULL,NULL,'3227399196','','','Cl.Porvenir Mz T L 8','1047374420.png',NULL,3,'2019-10-25 15:29:51','2019-10-25 15:29:51'),('6','1047375530','LUIS ALBERTO','VÁSQUEZ HERRERA ','M','1986-07-08',2,'3216704034','','angelisofia86@hotmail.com','Cl Los Laureles Mz H Lt1','1047375530.png',NULL,3,'2019-10-25 15:29:51','2019-10-25 15:29:51'),('6','1047377580','JAIME ALBERTO','FERMÍN CUELLO','M','1985-07-07',2,'3219646458','','jfermin2019@hotmail.com','Membrillal Calle El Progreso Mz X Lt 5','1047377580.png',NULL,3,'2019-10-25 15:29:51','2019-10-25 15:29:51'),('6','1047382517','EMILIO','TOVAR VIDAL','M','1985-10-20',NULL,'3108254948','','','Cll La Esperanza Mz W Lt 5','1047382517.png',NULL,3,'2019-10-25 15:29:51','2019-10-25 15:29:51'),('6','1047382978','MIRTHA MARÍA','DÍAZ MARTÍNEZ','F','1986-11-06',1,'3122902355','3214487453','diazmartinez866@hotail.com','Cll El Silencio Mz O Lt 1','1047382978.png',NULL,3,'2019-10-25 15:29:51','2019-10-25 15:29:51'),('6','1047388043','OSCAR LUIS','DÍAZ BELTRÁN','M','1986-12-08',NULL,'3024450344','','','Cll Las Flores Mz I Lt 6','1047388043.png',NULL,3,'2019-10-25 15:29:51','2019-10-25 15:29:51'),('6','1047388748','LUIS EDUARDO','TORRES CÁRDENAS','M','1987-04-14',1,'3107363690','3127809878','','Cl.Santa Clara Mz K Lt 2','1047388748.png',NULL,3,'2019-10-25 15:29:51','2019-10-25 15:29:51'),('6','1047395074','JOSÉ RAMIRO','TORRES OSORIO','M','1988-03-19',1,'3135050234','','maospa131957@hotmail.com','Cl.Bues Aires Mz P Lt 9','1047395074.png',NULL,3,'2019-10-25 15:29:51','2019-10-25 15:29:51'),('6','1047403692','LUIS CARLOS','BUELVAS BUSTAMANTE','M','1988-12-25',2,'3218298115','','luiskar000@hotmail.com','Cl. Als Florez Mz H Lt 11','1047403692.png',NULL,3,'2019-10-25 15:29:51','2019-10-25 15:29:51'),('6','1047405873','LUIS ALBERTO','TAPIAS PÉREZ','M','1984-02-22',1,'3128905166','','luisalbertotapiaperes1984@hotmail.com','Silencio Mz Ñ Lt 3','1047405873.png',NULL,3,'2019-10-25 15:29:51','2019-10-25 15:29:51'),('6','1047412328','SANDY','CAMPILLO AGAMEZ','F','1988-03-02',3,'3017910504','','sandycampillo215@gmail.com','Calle Principal Mz U Lt 2','1047412328.png',NULL,3,'2019-10-25 15:29:51','2019-10-25 15:29:51'),('6','1047412795','RICHARD SMITH','OROZCO GONZÁLEZ','M','1989-09-07',1,'3113320368','3014075348','rismorgo52@hotmail.com','Cl.Recreo Mz T L4','1047412795.png',NULL,3,'2019-10-25 15:29:51','2019-10-25 15:29:51'),('6','1047412880','LUIS ALBERTO','CONDE  DE ÁVILA','M','1989-11-06',2,'3208767894','3205204048','luiscon-02@hotmail.com','Cll Las Brisas Mz X Lt 18','1047412880.png',NULL,3,'2019-10-25 15:29:51','2019-10-25 15:29:51'),('6','1047413899','PEDRO LUIS','PÉREZ ÁVILA','M',NULL,NULL,'3114056489','','','Cl.Bues Aires Mz Ñ Lt 10','1047413899.png',NULL,3,'2019-10-25 15:29:51','2019-10-25 15:29:51'),('6','1047417734','CESAR DARÍO','ZAPATA CORTEZ','M','1989-11-16',NULL,'3224516838','','','Cll Villa Elfride Mz 6 Lt 26','1047417734.png',NULL,3,'2019-10-25 15:29:51','2019-10-25 15:29:51'),('6','1047431288','WILSON','BELLIDO MONTES','M','1990-11-10',NULL,'3145559757','','','Cll Las Rosas Mz F Lt 5','1047431288.png',NULL,3,'2019-10-25 15:29:51','2019-10-25 15:29:51'),('6','1047438276','WILLYS MANUEL','IRIARTE JULIO','M','1991-06-27',NULL,'3223596290','','','Cll El Silencio Mz Ñ Lt ','1047438276.png',NULL,3,'2019-10-25 15:29:51','2019-10-25 15:29:51'),('6','1047442958','AGUSTÍN','OROZCO CAICEDO','M','1991-05-10',1,'3106206969','','agustin-@hotmail.com','Cll Los Laureles Mz G Lt 5','1047442958.png',NULL,3,'2019-10-25 15:29:51','2019-10-25 15:29:51'),('6','1047447258','SERGIO ANDRÉS','BENAVIDES JIMÉNEZ','M','1992-06-11',NULL,'3017078935','','','Cll Las Flores Mz J Lt 3','1047447258.png',NULL,3,'2019-10-25 15:29:51','2019-10-25 15:29:51'),('6','1047448479','YINA PAOLA','COLLO BERTEL ','F','1992-07-20',1,'3153585723','3007600108','gipaco20@hotmail.com','Cll Las Brisas Mz W Lt 13 A','1047448479.png',NULL,3,'2019-10-25 15:29:51','2019-10-25 15:29:51'),('6','1047450060','HUMBERTO','LICONA TOVAR','M','1992-09-23',1,'3215316014','','uber-2309@hotmail.com','Cl. La Ceiba. Mz D Lt4','1047450060.png',NULL,3,'2019-10-25 15:29:51','2019-10-25 15:29:51'),('6','1047451033','RAFAEL','MARTÍNEZ ORTEGA','M',NULL,NULL,'3233635052','','','Cl.La Ceiba Mzz G Lt 24','1047451033.png',NULL,3,'2019-10-25 15:29:51','2019-10-25 15:29:51'),('6','1047452937','ABRAHAM RAFAEL','PÉREZ MALLARI','M','1990-07-22',1,'3113359268','3146502201','','Cll Las Brisas Mz W Lt 12','1047452937.png',NULL,3,'2019-10-25 15:29:51','2019-10-25 15:29:51'),('6','1047459343','ALDAIR ENRIQUE','MARTÍNEZ ALVARADO','M','1993-07-28',2,'3202894268','','aldairmart@hotmail.com','Membrillal Mz Q Lt 29','1047459343.png',NULL,3,'2019-10-25 15:29:51','2019-10-25 15:29:51'),('6','1047459391','JHON JHADER','PACHECO MURILLO','M','1992-10-17',1,'3145319415','3113908017','pjhonjader1@gmail.com','Cll Las Floires Mzi Lt 6','1047459391.png',NULL,3,'2019-10-25 15:29:51','2019-10-25 15:29:51'),('6','1047461824','CARLOS ENRIQUE','PACHECO MORANTES','M','1993-09-24',2,'3203543861','','carlopachecos@hotmail.com','Cll Las Rosas Mz F Lt 6','1047461824.png',NULL,3,'2019-10-25 15:29:51','2019-10-25 15:29:51'),('6','1047463159','KENCY MARGARITA','SABALZA VENERA','F','1993-05-01',1,'3013946417','3016076404','kencysabalza18@hotmail.com','Cll Los Laureles Mz F Lt ','1047463159.png',NULL,3,'2019-10-25 15:29:51','2019-10-25 15:29:51'),('6','1047468675','NEILA ESTER','MONTES GUEVARA','F','1993-08-10',NULL,'3004489212','','','Cll El Silencio Mz O Lt5','1047468675.png',NULL,3,'2019-10-25 15:29:51','2019-10-25 15:29:51'),('6','1047470465','YADIS ','BUELVAS BUSTAMANTE','F','1994-07-19',2,'3147883929','','yadis.b.b@hotmail.com','Cll Las Flores Mzh Lt 11','1047470465.png',NULL,3,'2019-10-25 15:29:51','2019-10-25 15:29:51'),('6','1047477178','DIGUAR EDUARDO','TORRES RAMOS','M',NULL,NULL,'3206222632','','','Cl. La Ceiba  Mz 6 Lt 49','1047477178.png',NULL,3,'2019-10-25 15:29:51','2019-10-25 15:29:51'),('6','1047478175','GILBERTO ANDRÉS','CÉSPEDES SANMIGUEL','M','1995-04-10',2,'3178425140','3004098399','gilbert.acepedes@gmail.com','Clprogreso Mz X Lt 2','1047478175.png',NULL,3,'2019-10-25 15:29:51','2019-10-25 15:29:51'),('6','1047486068','LUIS DAVID','LICONA ORDOÑEZ','M','1995-11-23',1,'3005251608','3016952272','','Cl.Laceiba Mz C Lt 35','1047486068.png',NULL,3,'2019-10-25 15:29:51','2019-10-25 15:29:51'),('6','1047492144','DAVINSON','NARVÁEZ GÓMEZ','M','1996-11-12',2,'3045605319','3135516481','danago1996@outlook.com','Cll Las Flores Mz I Lt 7A','1047492144.png',NULL,3,'2019-10-25 15:29:51','2019-10-25 15:29:51'),('6','1047493805','CARLOS','JIMÉNEZ NARVÁEZ','M','1996-12-24',1,'3007185300','3145276596','carlosandresjimenesnarvaes@hotmail.com','Cl.La Ceiba Mz G Lt 2','1047493805.png',NULL,3,'2019-10-25 15:29:51','2019-10-25 15:29:51'),('6','1047496644','KAROLAYN','BELLO MONTERO','F','1997-07-28',2,'3123162641','','karolbello123456@gmail.com','Cll  Primsipal','1047496644.png',NULL,3,'2019-10-25 15:29:51','2019-10-25 15:29:51'),('6','1047505849','REMBERTO','AREIZA TOVAR','M','1998-09-23',NULL,'3017078935','','','Cll El Campo','1047505849.png',NULL,3,'2019-10-25 15:29:51','2019-10-25 15:29:51'),('6','1047510299','DILAN','CATELLAR DÍAZ','M','1999-09-15',2,'3183202985','','dillacastellar99@gmail.com','Cll Bues Aires Mz P Lt 7','1047510299.png',NULL,3,'2019-10-25 15:29:51','2019-10-25 15:29:51'),('6','104866625','OSCAR DAVID','SIERRA DÍAZ','M','1987-09-28',1,'3006811320','','oscardavirsierradiaz@gmail.com','Cll El Recreo Mz D Lt 5','104866625.png',NULL,3,'2019-10-25 15:29:51','2019-10-25 15:29:51'),('6','1048943671','JESÚS MANUEL','PUA TORREGLOZA','M',NULL,NULL,'3224443376','','','Cl. Las Brisas Mz X Lt 21','1048943671.png',NULL,3,'2019-10-25 15:29:51','2019-10-25 15:29:51'),('6','1049826496','JESÚS ANDRÉS','MARIMÓN AYALA','M','1999-08-28',1,'3017899985','','jesus.18mayala@gmail.com','Cll Las Brisas Mz Y Lt 36','1049826496.png',NULL,3,'2019-10-25 15:29:51','2019-10-25 15:29:51'),('6','1049826497','JOSÉ DAVID','MARIMÓN AYALA','M','1996-04-07',NULL,'3008482631','','','Cll Las Brisas Mz Y Lt 22','1049826497.png',NULL,3,'2019-10-25 15:29:51','2019-10-25 15:29:51'),('6','1049928127','YOERKY','GUZMÁN SALCEDO','M',NULL,NULL,'3017375635','','','Cl.La Ceiba Mz D Lt 70','1049928127.png',NULL,3,'2019-10-25 15:29:51','2019-10-25 15:29:51'),('6','1049936828','OSNAIDER MANUEL ','ECHENIQUE DE ARCO','M','1991-08-08',2,'3023852471','3157468254','osnaiderechenique@gmail.com','Cll Las Brisa Mz Y Lt1','1049936828.png',NULL,3,'2019-10-25 15:29:51','2019-10-25 15:29:51'),('6','1050782327','LUIS ALFONSO','ÁVILA CASTELLAR','M',NULL,NULL,'3233264300','','','Cl.La Ceiba Mz 9 Lt 7','1050782327.png',NULL,3,'2019-10-25 15:29:51','2019-10-25 15:29:51'),('6','1050949305','GUSTAVO','BELLO MONTERO','M','1987-10-12',1,'3004202189','','bellogustavo92@gmail.com','Cll P/Pal Mz U Lt 2','1050949305.png',NULL,3,'2019-10-25 15:29:51','2019-10-25 15:29:51'),('6','105095954','BREIDIS','PARRA TUIRAN','','1992-12-15',NULL,'3022337072','','','Cll El Silencio Mz O Lt 3','105095954.png',NULL,3,'2019-10-25 15:29:51','2019-10-25 15:29:51'),('6','1050973854','LUIS FERNANDO','MONTERROSA AHUMADA','M',NULL,NULL,'3114362852','','','Cl. La Ceiba Mz F Lt 14','1050973854.png',NULL,3,'2019-10-25 15:29:51','2019-10-25 15:29:51'),('6','1051443720','JORGE LUIS','MORALES MARTÍNEZ','M','1987-05-09',1,'3222403074','','jorgeluismoralesmartinez@hotmail.com','Cl. Las Brisas Mz W Lt 4','1051443720.png',NULL,3,'2019-10-25 15:29:51','2019-10-25 15:29:51'),('6','1051445576','ELÍAS ALBERTO ','PÉREZ CONDE','M','1989-12-11',2,'3024610491','','perezelias05@hotmail.com','Membrillal Calle Las Brisas Mzana W Lote 9','1051445576.png',NULL,3,'2019-10-25 15:29:51','2019-10-25 15:29:51'),('6','1051447435','JAIDER ENRIQUE','CASTELLAR MARTÍNEZ','M','1991-10-23',NULL,'3138159597','','','Cll El Silenci Mz Ñ Lt 3','1051447435.png',NULL,3,'2019-10-25 15:29:51','2019-10-25 15:29:51'),('6','1051448080','ELVIS','SANTOYA GIRADO','M',NULL,NULL,'3205483045','','','Cl.Los Olivos Mz D Lt 4A','1051448080.png',NULL,3,'2019-10-25 15:29:51','2019-10-25 15:29:51'),('6','1051450601','ANGIE PAOLA','GARCÍA MEJÍA','F','1997-07-30',NULL,'3023388989','','','Cll Los Laureles Mz H Lt 1','1051450601.png',NULL,3,'2019-10-25 15:29:51','2019-10-25 15:29:51'),('6','1051450727','EDUAR ENRIQUE','UTRIA GARCÍA','M',NULL,NULL,'3004247988','','','Cl.La Ceiba Mzz G Lt 24','1051450727.png',NULL,3,'2019-10-25 15:29:51','2019-10-25 15:29:51'),('6','1051450900','MARLON','ANGULO MEZA ','M','1998-03-23',2,'3215758876','3235287262','marlonangulo@gmail.com','Cl.La Ceiba Mz C Lt 44','1051450900.png',NULL,3,'2019-10-25 15:29:51','2019-10-25 15:29:51'),('6','1051451374','MAURICIO ANDRÉS','MARTÍNEZ ALFARO','M','1999-02-27',NULL,'3104947895','','','Cll El Campo','1051451374.png',NULL,3,'2019-10-25 15:29:51','2019-10-25 15:29:51'),('6','1051451387','DAIMER JUAN','PAYARES FERNÁNDEZ','M',NULL,NULL,'3126676184','','','Cl.La Ceiba Mz 9 Lt 7','1051451387.png',NULL,3,'2019-10-25 15:29:51','2019-10-25 15:29:51'),('6','1051451614','DILSON DE JESÚS','OROZCO ACOSTA','M','1999-06-11',NULL,'3204510109','','','Cll El Progreso Mz X Lt 6','1051451614.png',NULL,3,'2019-10-25 15:29:51','2019-10-25 15:29:51'),('6','1051451820','EDGAR DE JESÚS','UTRIA GARCÍA','M','1999-09-18',1,'3045590989','3008383902','','Cl. La Ceiba. Mz   Lt 2','1051451820.png',NULL,3,'2019-10-25 15:29:51','2019-10-25 15:29:51'),('6','1051657679','NAIN','ABUABARA MOYA','M','1989-03-16',1,'3017714077','','','Cl El Silencio Mz O Lt 5','1051657679.png',NULL,3,'2019-10-25 15:29:51','2019-10-25 15:29:51'),('6','1052066200','YARLINSON','BARRIOS FONTALVO','M','1985-08-05',1,'3137671765','3216944314','erlismile@hotmail.com','Cll Bues Aires Mz Ñ Lt 21','1052066200.png',NULL,3,'2019-10-25 15:29:51','2019-10-25 15:29:51'),('6','1052074378','MILENA PATRICIA ','DE ORO LÓPEZ ','F','1988-02-16',2,'3004802283','','','Calle El Progreso ','1052074378.png',NULL,3,'2019-10-25 15:29:51','2019-10-25 15:29:51'),('6','1052732744','LEIMAR','CUADRO CUADRO ','M','1988-11-24',1,'3217687087','','cuadro2411@hotmail.com','Cl, El Progreso Mz X Lt 2','1052732744.png',NULL,3,'2019-10-25 15:29:51','2019-10-25 15:29:51'),('6','1052738227','FRAI LUIS','CUADRO DÍAZ','M','1995-07-07',NULL,'3023398471','','','Sector Villa Elfride ','1052738227.png',NULL,3,'2019-10-25 15:29:51','2019-10-25 15:29:51'),('6','1063122113','LUIS VENTURA','CASTILLA ALCÁZAR','M',NULL,NULL,'3058794799','','','Cl.La Ceiba Mzz G Lt 24','1063122113.png',NULL,3,'2019-10-25 15:29:51','2019-10-25 15:29:51'),('6','1063145863','ABERSIO','IZQUIERDO ÁVILA ','M','1988-10-05',1,'3002880623','3058896435','aizquierdo05@hotmail.com','Cl. La Ceiba Mz G Lt 21','1063145863.png',NULL,3,'2019-10-25 15:29:51','2019-10-25 15:29:51'),('6','1063157492','NEIBER DE JESÚS','VARGAS BLANCO','M','1991-02-08',1,'3206062294','','','El Porvenir Mq L43','1063157492.png',NULL,3,'2019-10-25 15:29:51','2019-10-25 15:29:51'),('6','1070808609','FRANCISCO JAVIER','IZQUIERDO ÁVILA','M','1987-01-17',1,'3205593802','3147418934','franisq12@hotmail.com','Cll Progreso Mnz G Lote 2','1070808609.png',NULL,3,'2019-10-25 15:29:51','2019-10-25 15:29:51'),('6','1070815753','JULIO CESAR','JULIO AGAMEZ','M','1990-10-17',2,'3016187125','3225387335','','Calle la alegria manz M lote 11','1070815753.png',NULL,3,'2019-10-25 15:29:51','2019-10-25 15:29:51'),('6','1079659323','JORGE IVÁN','ANDRADE RIVERA','M','1992-09-23',1,'3015992428','','','Cll Las Brisas Mz X Lt 18','1079659323.png',NULL,3,'2019-10-25 15:29:51','2019-10-25 15:29:51'),('6','1081912331','JUAN GABRIEL','MONTH FARIERIE','M','1987-10-08',NULL,'3116604605','','','Cll Bues Aires ','1081912331.png',NULL,3,'2019-10-25 15:29:51','2019-10-25 15:29:51'),('6','1082968674','AURELIA','MEJÍA GRACIA','F','1993-05-30',NULL,'3023821284','','','Cll Los Laureles Mz H Lt 1','1082968674.png',NULL,3,'2019-10-25 15:29:51','2019-10-25 15:29:51'),('6','1085008145','FRANCISCO RAFAEL','DE ÁVILA ANAYA','M','1995-11-25',2,'3043380388','','fransiscodeavila2011@gmail.com','Cll Jon Las Flores Mz I Lt11 ','1085008145.png',NULL,3,'2019-10-25 15:29:51','2019-10-25 15:29:51'),('6','10882840','ALEXANDER','FLÓREZ REGI','M','1974-12-31',1,'3008318050','3234744319','floresregi31@hotmail.com','Cl.La Ceiba Mz B Lt 37','10882840.png',NULL,3,'2019-10-25 15:29:51','2019-10-25 15:29:51'),('6','1099961866','EMILENA ESTER','SIMANCA RAMÍREZ ','F','1989-04-20',2,'3205883704','','milena-2089@hotmail.com','Cll El Silencio Mz M Lt7','1099961866.png',NULL,3,'2019-10-25 15:29:51','2019-10-25 15:29:51'),('6','1101872205','SHYRLI','CONTRERAS GÓMEZ','F','1979-09-10',1,'3227425174','','','Cll De Las Rosas Mz D Lt 2','1101872205.png',NULL,3,'2019-10-25 15:29:51','2019-10-25 15:29:51'),('6','1102866152','JORGE MANUEL','BARBOSA GARCÍA','M','1995-03-22',2,'3007382829','3005269200','jose.barboza@cecar.edu.co','Cll El Silencio Mz  Ñ Lt 10','1102866152.png',NULL,3,'2019-10-25 15:29:51','2019-10-25 15:29:51'),('6','1103109407','LEONARDO JOSÉ','GARCÍA GARCÍA','M','1992-02-27',NULL,'3122740444','','','Cll Las Flores Mz M Lt2','1103109407.png',NULL,3,'2019-10-25 15:29:51','2019-10-25 15:29:51'),('6','111582182','OTONIEL','LUNAS ARROYO','M','1967-07-18',1,'3107308323','3206473682','','Cl Principal Mz D Lt 20','111582182.png',NULL,3,'2019-10-25 15:29:51','2019-10-25 15:29:51'),('6','1120743747','LUIS ENRIQUE','BANQUET MENDOZA','M',NULL,NULL,'3126761234','','','El Campo Mz I Lt 17B','1120743747.png',NULL,3,'2019-10-25 15:29:51','2019-10-25 15:29:51'),('6','1122397450','DALIS DANETH','DÍAZ ORTEGA','F',NULL,NULL,'3205987290','','','Villa Efride Mz B Li 2','1122397450.png',NULL,3,'2019-10-25 15:29:51','2019-10-25 15:29:51'),('6','1126255133','NILSO','CUADRO AGAMES','M','1992-11-10',NULL,'3008629984','','','Sector El Campo','1126255133.png',NULL,3,'2019-10-25 15:29:51','2019-10-25 15:29:51'),('6','1128047348','OSWALDO JAVIER','MENCO PÉREZ','M',NULL,NULL,'3002113659','','','Cl.La Ceiba  Mz 9 Lt1','1128047348.png',NULL,3,'2019-10-25 15:29:51','2019-10-25 15:29:51'),('6','1140904902','DEYMER JAHIR','PÉREZ RODRÍGUEZ','M',NULL,NULL,'3008628154','','','Cl.Las Florez Mz H Lt 12','1140904902.png',NULL,3,'2019-10-25 15:29:51','2019-10-25 15:29:51'),('6','1143332008','DIONEL ENRIQUE','MARTÍNEZ MENDOZA','M',NULL,NULL,'3227399196','','','Cl.Porvenir Mz T L 7','1143332008.png',NULL,3,'2019-10-25 15:29:51','2019-10-25 15:29:51'),('6','1143344079','CELIA','PEÑAFIEL SIMANCAS','M','1990-07-26',1,'3145269453','','lmunozr14@gmail.com','Cl.El Silencio Mz O Lt 5','1143344079.png','',3,'2019-10-25 15:29:51','2019-10-25 15:29:51'),('6','1143346912','JESÚS DAVID','OLASCUAGA MANJARES','M','1990-01-18',2,'3006518096','','','Cll Las Flores ','1143346912.png',NULL,3,'2019-10-25 15:29:51','2019-10-25 15:29:51'),('6','1143355772','CINDY PATRICIA','CASTRO GUZMÁN','F','1991-10-30',2,'3017255670','','sindy.castro1227@gmail.com','Cll ','1143355772.png',NULL,3,'2019-10-25 15:29:51','2019-10-25 15:29:51'),('6','1143356900','OSCAR DARÍO','ARTEAGA BENAVIDEZ','M',NULL,NULL,'3217610618','','','Cl.Ceiba Mz D Lt 41','1143356900.png',NULL,3,'2019-10-25 15:29:51','2019-10-25 15:29:51'),('6','1143357542','ALEJANDRO','ZABALETA MARIMÓN','M','1992-01-23',1,'3014428051','3116896977','','Cl.Cla Ceiba Mz F Lt 27','1143357542.png',NULL,3,'2019-10-25 15:29:51','2019-10-25 15:29:51'),('6','1143363578','JOHARIS','MONTERO GUZMÁN','','1992-10-12',NULL,'3005424274','','','Cll El Refugio Mz W Lt 1','1143363578.png',NULL,3,'2019-10-25 15:29:51','2019-10-25 15:29:51'),('6','1143364128','DEIMER DAVID','ELLES CONDE','M','1992-05-04',1,'3205204048','3145860666','deimerelles@hotmail.com','Cll Progreso Mz G Lt 3','1143364128.png',NULL,3,'2019-10-25 15:29:51','2019-10-25 15:29:51'),('6','1143365471','RICHARD DAVID','OCAMPO BARRAZA','M','1993-03-07',1,'3158815888','3178579273','richarocampo1993@hotmail.com','Cll El Progreso Mz M Lt 6','1143365471.png',NULL,3,'2019-10-25 15:29:51','2019-10-25 15:29:51'),('6','1143368946','MARTIN JOSÉ','PEÑAFIEL SIMANCAS','M','1993-11-11',NULL,'','','','Cl.El Silencio Mz O Lt 5','1143368946.png',NULL,3,'2019-10-25 15:29:51','2019-10-25 15:29:51'),('6','1143370787','JUAN DAVID','ELLES CONDE','M','1994-01-04',1,'3225795335','3205204048','elles-jd5@hotmail.com','Cll El Progreso Mz G Lt 3','1143370787.png',NULL,3,'2019-10-25 15:29:51','2019-10-25 15:29:51'),('6','1143372393','ENEIDIS ','ORORZO DÍAZ','F','1992-10-12',2,'3023203377','3042040641','','Calle los laureles Manzana F lote 8 ','1143372393.png',NULL,3,'2019-10-25 15:29:51','2019-10-25 15:29:51'),('6','1143375658','JOSÉ DAVID','DE LA ROSA BATISTA','M','1994-08-03',2,'3126138583','3146084711','','','1143375658.png',NULL,3,'2019-10-25 15:29:51','2019-10-25 15:29:51'),('6','1143376640','ELIECER','ZABALETA MARIMÓN','M','1994-08-09',1,'3008807719','','eliecerzabaleta04@gmail.com','Cl.La Ceiba Mz F Lt 27','1143376640.png',NULL,3,'2019-10-25 15:29:51','2019-10-25 15:29:51'),('6','1143377393','ANGÉLICA PATRICIA','COA MARTÍNEZ','F','1994-03-30',1,'3008631223','','anliik-1994@hotmail.com','Cll P/Pal Mz L Lt 9','1143377393.png',NULL,3,'2019-10-25 15:29:51','2019-10-25 15:29:51'),('6','1143379986','GUSTAVO LEÓN','BETANCUR MONSALVE','M','1995-01-24',1,'3217550582','','gustaz95@gmail.com','Cl.La Ceiba Mz 5 Lt 4','1143379986.png',NULL,3,'2019-10-25 15:29:51','2019-10-25 15:29:51'),('6','1143380448','JENNY FERNANDA','HENAO GONZALES','F','1994-11-21',1,'3165359555','3208017456','yennyfer1121@hotmail.com','Cll Bues Aires Mz P Lt 42','1143380448.png',NULL,3,'2019-10-25 15:29:51','2019-10-25 15:29:51'),('6','1143383506','YOBANIS','VIDES CASTELLAR','M','1995-07-13',1,'3023477091','3015185281','videyobani@gmail.com','Cll P/Pal Mz M Lt 9','1143383506.png',NULL,3,'2019-10-25 15:29:51','2019-10-25 15:29:51'),('6','1143383555','YURIÑO DE JESÚS','MARTÍNEZ ALVARADO','M','1995-06-27',2,'3003884537','3044384771','ymartinez1707@hotmail.com','membrillal manz Q lote 28','1143383555.png',NULL,3,'2019-10-25 15:29:51','2019-10-25 15:29:51'),('6','1143385982','MIGUEL ÁNGEL','JIMÉNEZ LICONA','M',NULL,NULL,'3043294782','','','Cl.La Ceiba Mzz G Lt 23','1143385982.png',NULL,3,'2019-10-25 15:29:51','2019-10-25 15:29:51'),('6','1143386652','LUIS DAVID','CAPELA','M','1995-10-04',1,'3145819608','3126611754','icapelaestrada@gmail.com','Cll Bues Aire Mz O Lt 7','1143386652.png',NULL,3,'2019-10-25 15:29:51','2019-10-25 15:29:51'),('6','1143387109','JHOYMER DAVID','ESPISA DE ARCO','M','1995-09-25',NULL,'3013057021','','','Cll P/Pal Mz Y Lt 13','1143387109.png',NULL,3,'2019-10-25 15:29:51','2019-10-25 15:29:51'),('6','1143391957','EIDER DAVID','LÓPEZ CAMPOS','M','1996-05-14',NULL,'300875685','','','Cll Las Brisas Mz W Lt 11','1143391957.png',NULL,3,'2019-10-25 15:29:51','2019-10-25 15:29:51'),('6','1143397540','YEISON DAVID','FLÓREZ MARTÍNEZ','M','1997-01-10',2,'3107413167','','','Calle las Flores Mz I Lt 3','1143397540.png',NULL,3,'2019-10-25 15:29:51','2019-10-25 15:29:51'),('6','1143399614','EDUAR DANILO','SECA CARVAJAL','M','1997-02-14',NULL,'3102108909','','','Cll Bues Aires Mz Ñ Lt 15','1143399614.png',NULL,3,'2019-10-25 15:29:51','2019-10-25 15:29:51'),('6','1143401723','LUIS GUILLERMO','JIMÉNEZ ORTEGA','M','1997-06-04',NULL,'3014726832','','','Sector Villa Elfride Mz B Lt 2','1143401723.png',NULL,3,'2019-10-25 15:29:51','2019-10-25 15:29:51'),('6','1143401851','KARLA LILIANA','SIMANCA RAMÍREZ ','F','1997-03-22',NULL,'3227209242','3105201587','','Cll El Silencio Mz M Lt7','1143401851.png',NULL,3,'2019-10-25 15:29:51','2019-10-25 15:29:51'),('6','1143406394','BREINER JOSÉ','WILCHES OLIVERO','M','1998-03-11',NULL,'3108778576','','','Sector Villa Elfride ','1143406394.png',NULL,3,'2019-10-25 15:29:51','2019-10-25 15:29:51'),('6','1143407002','EDWAR ENRIQUE','DÍAZ OROZCO','M','1997-08-15',2,'3013033448','3015676171','cc.1143407002@gmail.com','Cll La Esperanza Mz L Lt 1','1143407002.png',NULL,3,'2019-10-25 15:29:51','2019-10-25 15:29:51'),('6','1143408731','JORGE YOVANI','VILLADA RAMIREZ','M','1998-10-21',2,'3184896492','','yovani1143villada@gmail.com','','1143408731.png','',3,'2019-10-25 15:29:51','2019-10-25 15:29:51'),('6','1143408739','JORGE JOVANI','VILLADA RAMÍREZ','M','1998-10-09',NULL,'3184896492','','','Sector Villa Chile Mz H Lt 6','1143408739.png','',3,'2019-10-25 15:29:51','2019-10-25 15:29:51'),('6','1143411372','GUILLERMO JOSÉ','GUZMÁN CUADRO','M','1997-12-22',1,'3214631875','','Joseguzman@hotmail.com','Membrillal call refugio lote B manz 22','1143411372.png','',3,'2019-10-25 15:29:51','2019-10-25 15:29:51'),('6','1143411906','DEYSI MILENA','GARCÍA MENDOZA','F','1999-01-28',NULL,'3044384771','','','Cll El Porvenir Mz Q Lt 28','1143411906.png','',3,'2019-10-25 15:29:51','2019-10-25 15:29:51'),('6','1143415235','JOSÉ ULISES','LÓPEZ CAMPO','M','1999-09-04',2,'3015507343','','jl9077784@gmail.com','Calle Las Brisas Mz W Lt 11','1143415235.png','',3,'2019-10-25 15:29:51','2019-10-25 15:29:51'),('6','1148196144','EDILBERTO DE JESÚS','MARTÍNEZ CORZO','M','1992-03-03',2,'3023969368','','edilbertomart@hotmail.com','Cl. El Porvenir Mz Q Lt 29','1148196144.png','',3,'2019-10-25 15:29:51','2019-10-25 15:29:51'),('6','1148207443','RONAL DAVID','ARROLLO SIMANCAS','M','1997-03-16',2,'3006406270','','ronaddavidarrollosimanca@gmail.com','Cll Los Laureles Mz F Lt11','1148207443.png','',3,'2019-10-25 15:29:51','2019-10-25 15:29:51'),('6','1148706743','KEVIN','JIMÉNEZ NARVÁEZ','M','1900-01-07',2,'3145276596','','','Cl. La Ceiba Mz G Lt 2','1148706743.png','',3,'2019-10-25 15:29:51','2019-10-25 15:29:51'),('6','1193568822','YOLIMA','VALDELAMAR ALVARES','F','2001-01-18',NULL,'3126048314','','','Cll Las Brisas Mz X Lt 22','1193568822.png','',3,'2019-10-25 15:29:51','2019-10-25 15:29:51'),('6','1193581652','JORJADIS','SANTOYA GIRADO ','M',NULL,NULL,'3023298990','','','Cl. La Ceiba Mz D Lt 4A','1193581652.png','',3,'2019-10-25 15:29:51','2019-10-25 15:29:51'),('6','121212','prueba insert','PRUEBA INSERT',NULL,NULL,NULL,NULL,NULL,NULL,'pozon mz 172 l9','121212.png',NULL,NULL,NULL,NULL),('6','12121212','prueba prueba','de prueba',NULL,NULL,NULL,NULL,NULL,NULL,'pozon mz 172 l9','12121212.png',NULL,NULL,NULL,NULL),('6','1212123','prueba insert','PRUEBA INSERT',NULL,NULL,NULL,NULL,NULL,NULL,'pozon mz 172 l9','1212123.png',NULL,NULL,NULL,NULL),('6','121235038507','FLOR ENITH','MONTALVO CARRILLO','F','1997-10-18',NULL,'3137418730','','','Sector Villa Elfride Mz 8 Lt8','121235038507.png','',3,'2019-10-25 15:29:51','2019-10-25 15:29:51'),('6','123456789','JHON','smith',NULL,NULL,NULL,NULL,NULL,NULL,'Pozón Mz. 134 Lte. 89 Crra. 98','123456789.png',NULL,NULL,NULL,NULL),('6','1235038561','KEVIN DAVID','CUELLO NIÑO','M','1997-11-16',2,'3015554956','6563513','kcuellon21@gmail.com','santa maria cll San Martin #70A40','1235038561.png','',3,'2019-10-25 15:29:51','2019-10-25 15:29:51'),('6','1235039118','HEINER','LICONA MADERO','M','1997-09-20',2,'3006543182','3113510502','Heinerliconamadero@gmail.com','Cl. La Ceiba. Mz  F Lt 6','1235039118.png','',3,'2019-10-25 15:29:51','2019-10-25 15:29:51'),('6','1235039530','LEIDY MARIAN','MUÑOZ RAMIREZ','F','1998-01-20',NULL,NULL,NULL,'lmunozr14@gmail.com',NULL,'1235039530.png',NULL,3,NULL,NULL),('6','12594637','GABRIEL ENRIQUE','MON GARCÍA ','M','1963-12-25',NULL,'3216707805','3216950800','','Cl Villa Elfride Mz J Lt 16','12594637.png','',3,'2019-10-25 15:29:51','2019-10-25 15:29:51'),('6','12595569','ARIEL DE JESÚS','YEPES GARCÍA','M','1965-12-03',1,'3113626536','3234171484','3113626536@gmail.com','Cll Los Laureles Mz G Lt 10','12595569.png',NULL,3,'2019-10-25 15:29:51','2019-10-25 15:29:51'),('6','12696000','CARLOS JOSÉ','CUEVA MOSCOTE','M',NULL,NULL,'3137719216','','','Cl.La Ceiba Mz G Lt 6','12696000.png',NULL,3,'2019-10-25 15:29:51','2019-10-25 15:29:51'),('6','19517182','DOLVIS MANUEL','PUA DE ÁVILA','M','1974-09-18',1,'3014258301','','','Cl. Las Brisas Mz X Lt 18','19517182.png',NULL,3,'2019-10-25 15:29:51','2019-10-25 15:29:51'),('6','19517557','FERNANDO RAFAEL','DE ÁVILA PUA ','M','1976-05-02',1,'3106439412','','fernandodeavila2010@gmail.com','Callejon Las Flores Mz I Lt 11','19517557.png',NULL,3,'2019-10-25 15:29:51','2019-10-25 15:29:51'),('6','19890289','JOAQUÍN','PADILLA','M','1962-09-03',1,'3106680714','3143128820','','Cl El Progreso Mz N Lt12','19890289.png',NULL,3,'2019-10-25 15:29:51','2019-10-25 15:29:51'),('3','232323','William josé','yanes borga',NULL,NULL,NULL,NULL,NULL,NULL,'pozon mz 172 l9','232323.png',NULL,NULL,NULL,NULL),('6','23232323','MARIA','GOMEZ FLOREZ',NULL,NULL,NULL,NULL,NULL,NULL,'pozon mz 172 l9','23232323.png',NULL,NULL,NULL,NULL),('6','26027467','PABLA MARÍA','OSORIO PALOMI','F','1957-04-13',3,'3135050234','','mirosaveranera@gmail.com','','26027467.png',NULL,3,'2019-10-25 15:29:51','2019-10-25 15:29:51'),('6','30843889','ISAURA','POLO GUETTE','F','1981-10-28',1,'3023535566','3106308050','hillary.teamo05p@hotmail.com','Cll El Silencio Mz O Lt 2','30843889.png',NULL,3,'2019-10-25 15:29:51','2019-10-25 15:29:51'),('6','30855460','ELCIRA JANETH','BARRIOS BERVEL','F','1978-08-02',1,'3217018547','3135932284','janethbarriosberbel@gmail.com','Cll Los Laures','30855460.png',NULL,3,'2019-10-25 15:29:51','2019-10-25 15:29:51'),('6','32939727','ÁNGELA LUCIA','JULIO ROJAS','F','1985-05-19',2,'3046733783','','angeliikal19@gmail.com','Cll El Refugio Mz W Lt 1','32939727.png',NULL,3,'2019-10-25 15:29:51','2019-10-25 15:29:51'),('6','33254767','INÉS','LARES CONTRERAS','F','1972-10-22',2,'3022022556','3155256968','yolidi391993@hotmail.com','Cl.La Esperanza Mz T L9','33254767.png',NULL,3,'2019-10-25 15:29:51','2019-10-25 15:29:51'),('6','33358652','MARÍA ALEJANDRA','TORRES BARRIOS','F','1980-07-30',3,'3224443376','3015403534','','Cll El Silencio','33358652.png',NULL,3,'2019-10-25 15:29:51','2019-10-25 15:29:51'),('6','45460530','MARÍA MAGDALENA','CAMPILLO GARCÍA ','F','1965-11-08',1,'3023203374','','','Membrilla calle los jardines mzana F lote 14 ','45460530.png',NULL,3,'2019-10-25 15:29:51','2019-10-25 15:29:51'),('6','45510210','ELVIA MARITZA','SÁNCHEZ IBARRA','F','1972-12-17',1,'3004072908','','sanchezdevaldiris@gmail.com','','45510210.png',NULL,3,'2019-10-25 15:29:51','2019-10-25 15:29:51'),('6','45510429','ADRIANA','CAMPILLO SULBARAN','F','1970-09-28',2,'3024483122','','efebecda1234@gmail.com','Calle La Fe Sector El Progreso','45510429.png',NULL,3,'2019-10-25 15:29:51','2019-10-25 15:29:51'),('6','45523133','ELIANA','DÍAZ ACOSTA','F','1979-07-17',2,'3103706938','','','Membrillal Cll El Progreso Mzn X Lote5','45523133.png',NULL,3,'2019-10-25 15:29:51','2019-10-25 15:29:51'),('6','45549797','NEVIS ARLIS','GUARDO OSORIO','F','1982-11-04',1,'3014680060','3135050234','guardonevis8@gmail.com','Cl. El Silencio Mz O Lt 3','45549797.png',NULL,3,'2019-10-25 15:29:51','2019-10-25 15:29:51'),('6','45561454','LILA LUZ','HERRERA VEGAS','F','1980-12-28',NULL,'3045714178','','','Cll Las Brisas Mz W Lt 8','45561454.png',NULL,3,'2019-10-25 15:29:51','2019-10-25 15:29:51'),('6','45760452','INDIRA','OLIVEROS RIBON','F','1975-07-12',3,'3128985199','3167737511','indiraolivero@gmail.com','menbrillal sect villafride','45760452.png',NULL,3,'2019-10-25 15:29:51','2019-10-25 15:29:51'),('6','5134792','NÉSTOR DE JESÚS ','MARTÍNEZ ARIAS ','M','1966-01-29',2,'3135081880','','','Calle por venir mzna Q lote 29','5134792.png',NULL,3,'2019-10-25 15:29:51','2019-10-25 15:29:51'),('6','64525028','HILDA MARGARITA','JULIO CONTRERAS','F','1980-04-21',1,'3042035409','3016864310','evasandriberriojulio2420@gmail.com','Cll El Progreso Mz X Lt 30','64525028.png',NULL,3,'2019-10-25 15:29:51','2019-10-25 15:29:51'),('6','70526790','ELIECER','MONTIEL NISPERUZA','M','1973-07-27',NULL,'3103980160','','','Cll Los Laurele Mz G Lt 9','70526790.png',NULL,3,'2019-10-25 15:29:51','2019-10-25 15:29:51'),('6','72167462','JOHN JAIRO','MELLIZO VILLEGAS','M','1969-12-29',1,'3202447407','','','El Porvenir Mz L L1','72167462.png',NULL,3,'2019-10-25 15:29:51','2019-10-25 15:29:51'),('6','72175041','WILMER ALBERTO ','HERNÁNDEZ DÍAZ ','M','1969-02-02',3,'3204536157','3005728628','Wilmerhdiaz@hotmail.com','Barrio membrillal Sector villa El Fride ','72175041.png',NULL,3,'2019-10-25 15:29:51','2019-10-25 15:29:51'),('6','73111145','AGUSTÍN','OROZCO ZÚÑIGA','M','1974-08-28',3,'','','','Membrillal Calle Principal Mz G Lt 45','73111145.png',NULL,3,'2019-10-25 15:29:51','2019-10-25 15:29:51'),('6','73113657','HUGO ALFONSO','RODELO ARROLLO','M','1963-09-15',1,'3185404564','','','Cll Bues Aires Mz O Lt 7','73113657.png',NULL,3,'2019-10-25 15:29:51','2019-10-25 15:29:51'),('6','73126905','BENIG RAFAEL','CONDE ARRIETA','M','1977-06-02',2,'3126234239','','','Cl. Las Florez Mz I Lt 2','73126905.png',NULL,3,'2019-10-25 15:29:51','2019-10-25 15:29:51'),('6','73131866','RAFAEL DIONICIO','ANILLO PÉREZ','M','1968-08-14',1,'3135932284','3217018547','rafaelanillo1@gmail.com','Cl Las Ceiba ','73131866.png',NULL,3,'2019-10-25 15:29:51','2019-10-25 15:29:51'),('6','73142322','PABLO','JIMÉNEZ VÁZQUEZ','M',NULL,NULL,'3145276596','','','Cl. La Ceiba Mz C L2','73142322.png',NULL,3,'2019-10-25 15:29:51','2019-10-25 15:29:51'),('6','73143322','JUAN ANÍBAL','YÉPEZ GARCÍA ','M','1970-03-03',NULL,'3233342273','','','Cl Las Flores Mz N Lt1','73143322.png',NULL,3,'2019-10-25 15:29:51','2019-10-25 15:29:51'),('6','73146680','JERSON','SIMANCAS REYES','M','1970-10-05',6,'3107071116','','jerson0510@hotmail.com','Finca La Providencia','73146680.png',NULL,3,'2019-10-25 15:29:51','2019-10-25 15:29:51'),('6','73149997','ALFONSO','LICONA RUIZ','M','1971-08-02',1,'3215291407','3126255554','','Cl. La Ceiba Mz B Lt 15','73149997.png',NULL,3,'2019-10-25 15:29:51','2019-10-25 15:29:51'),('6','73151126','WILFREDO','SOTO CASTRO','M','1971-10-01',1,'3146774316','','','Cll El Progreso Mz T Lt 6','73151126.png',NULL,3,'2019-10-25 15:29:51','2019-10-25 15:29:51'),('6','73153143','ESTEBAN','SIMANCAS REYES','M','1972-04-02',NULL,'3145050926','','','Cll El Progreso Mz X Lt 8','73153143.png',NULL,3,'2019-10-25 15:29:51','2019-10-25 15:29:51'),('6','73154009','LUIS MANUEL','LICOANA MEZA','M','1972-07-06',1,'3005251608','3023204131','','Cl. Ppal. Mz D Lt 18 ','73154009.png',NULL,3,'2019-10-25 15:29:51','2019-10-25 15:29:51'),('6','73154493','ABEL','LICONA RUIZ','M','1969-09-06',1,'3113510502','3116869432','','Cl.La Ceiba Mz F Lt 6','73154493.png',NULL,3,'2019-10-25 15:29:51','2019-10-25 15:29:51'),('6','73161967','JAIRO','GOMES AYALA ','M','1973-02-07',1,'3046048671','','jairojaga@outlook.com','Cll Las Flores Mz I Lt 7A','73161967.png',NULL,3,'2019-10-25 15:29:51','2019-10-25 15:29:51'),('6','73163895','CARLOS ARTURO','CERVANTES MIRANDA','M','1972-12-31',1,'3134395426','','','Cl. La Ceiba Mz C Lt 8','73163895.png',NULL,3,'2019-10-25 15:29:51','2019-10-25 15:29:51'),('6','73166565','EDGAR ELIECER','CARRASQUILLA BRITO','M','1974-08-17',2,'3135675565','','','Cll Los Laureles Mz G Lt 5','73166565.png',NULL,3,'2019-10-25 15:29:51','2019-10-25 15:29:51'),('6','73185075','ARIEL DE JESÚS','VALDIRI MONTERO','M','1980-06-19',1,'3004072908','','arielvaldirimomtero@gmail.com','Cll Bues Aires','73185075.png',NULL,3,'2019-10-25 15:29:51','2019-10-25 15:29:51'),('6','73187214','SILFREDO','GOMES AYALA ','M','1978-04-15',2,'3188876133','3004794244','','Cll Las Flores Mz I Lt 7A','73187214.png',NULL,3,'2019-10-25 15:29:51','2019-10-25 15:29:51'),('6','73195666','JOSÉ RAFAEL','MENCO PÉREZ','M',NULL,NULL,'3203288795','','','Cl. La Ceiba. Mz  9 Lt 3','73195666.png',NULL,3,'2019-10-25 15:29:51','2019-10-25 15:29:51'),('6','73200610','DUNIS','CERVANTES MIRANDA','',NULL,NULL,'3145095491','','','Cl.La Ceiba Mz C Lt 7','73200610.png',NULL,3,'2019-10-25 15:29:51','2019-10-25 15:29:51'),('6','73205731','ERIK SAMIR ','CASTRO GUZMÁN','M','1983-05-16',1,'3104084774','3023654088','cejo512@hotmail.com','Cl.Progreso Mz T L 1','73205731.png',NULL,3,'2019-10-25 15:29:51','2019-10-25 15:29:51'),('6','73226303','ALBERTO LUIS ','ALBIS DE ÁVILA ','M','1969-11-10',2,'3235995958','','Albertoalbis1969@hotmail.com','Calle laurel manzana F lote 7 ','73226303.png',NULL,3,'2019-10-25 15:29:51','2019-10-25 15:29:51'),('6','73243070','JOVANNY','MÁRQUEZ ROMERO','M','1975-12-18',1,'3137935548','3146480219','','Cl. La Ceiba Mz D Lt 32','73243070.png',NULL,3,'2019-10-25 15:29:51','2019-10-25 15:29:51'),('6','73350182','FERNANDO','CARABALLO MARRUGO','M','1960-07-27',1,'3043964121','3008490352','fcaraballomarrugo@gmail.com','Cl. La Ceiba Mz F Lt 5','73350182.png',NULL,3,'2019-10-25 15:29:51','2019-10-25 15:29:51'),('6','73353080','SILFREDO ANTONIO','MARTÍNEZ MELLIZO','M','1982-05-12',2,'3146653744','','','Cll Villa Elfride Mz T Lt 6','73353080.png',NULL,3,'2019-10-25 15:29:51','2019-10-25 15:29:51'),('6','73353081','ALEXANDER','CASTRO GARCÉS','M','1982-01-19',NULL,'3125442312','','','Cl.Las Brisas Mz W Lt 4','73353081.png',NULL,3,'2019-10-25 15:29:51','2019-10-25 15:29:51'),('6','73377361','JULIO LESOS','BARRIOS VERBEL','M','1979-07-20',NULL,'3105420366','','','Cll El Silencio Mz H Lt 1','73377361.png',NULL,3,'2019-10-25 15:29:51','2019-10-25 15:29:51'),('6','73431836','EDWIN ALFONSO','FERNÁNDEZ DOMÍNGUEZ','M','1979-06-03',1,'3122937891','3107413167','','Sector El Campo Lt 3','73431836.png',NULL,3,'2019-10-25 15:29:51','2019-10-25 15:29:51'),('6','73549013','FRANKLIN FERNANDO','GUTIÉRREZ ANDRADES','M','1972-02-09',2,'3207967430','','','Cll Las Flores Mz M Lt 21','73549013.png',NULL,3,'2019-10-25 15:29:51','2019-10-25 15:29:51'),('6','73568783','JAIRO ANTONIO','DÍAZ MONTERO','M','1973-08-03',2,'3126667771','','','Cl.El Progreso Mz M Lt 5','73568783.png',NULL,3,'2019-10-25 15:29:51','2019-10-25 15:29:51'),('6','73577703','OSCAR','VILLEROS BERRIO','M','1975-08-16',1,'3133936073','3135678899','villeroberrio16@hotmail.com','Cll Bues Aires Mz P Lt 4','73577703.png',NULL,3,'2019-10-25 15:29:51','2019-10-25 15:29:51'),('6','73582755','OMAR DARÍO','MERCADO GONZÁLEZ','M','1976-03-19',1,'3145425610','3145425610','','Cl.La Ceiba Mz F Lt 7','73582755.png',NULL,3,'2019-10-25 15:29:51','2019-10-25 15:29:51'),('6','73593705','JAIME ENRIQUE','HERRERA MUÑOZ','M','1975-04-14',1,'3122017666','','jaimenherreraelvaron75@gmail.com','Cl.Las Brisas Mz X Lt 22','73593705.png',NULL,3,'2019-10-25 15:29:51','2019-10-25 15:29:51'),('6','73593797','JAVIER MAURICIO','POLO SIMANCAS ','M','1974-07-06',1,'3022370888','','','Cll La Esperanza Mz T Lt 1B','73593797.png',NULL,3,'2019-10-25 15:29:51','2019-10-25 15:29:51'),('6','73831436','EDWIN ALFONSO','FERNÁNDEZ DOMÍNGUEZ','M','1979-07-03',1,'3107413167','3122937891','','Cl.El Campo Mz Ll Lt3','73831436.png',NULL,3,'2019-10-25 15:29:51','2019-10-25 15:29:51'),('6','77162309','JOSÉ JOAQUÍN','PARRA SÁENZ','M',NULL,NULL,'3007519955','','','Cl. La Ceiba, Mz G  L24','77162309.png',NULL,3,'2019-10-25 15:29:51','2019-10-25 15:29:51'),('6','77184607','DAIMER ENRIQUE','GÓMEZ MENCO ','M','1975-12-13',1,'3012560188','3226885442','','Cl Las Flores Mz I Lt 4','77184607.png',NULL,3,'2019-10-25 15:29:51','2019-10-25 15:29:51'),('6','78747852','UBERTO ANTONIO','ÁLVAREZ ALCALA','M','1970-02-09',NULL,'3166473647','','','Cll La Fe Mz R Lt 22','78747852.png',NULL,3,'2019-10-25 15:29:51','2019-10-25 15:29:51'),('6','78787878','lIANA','MELISSA',NULL,NULL,NULL,NULL,NULL,NULL,'pozon mz 172 l9','78787878.png',NULL,NULL,NULL,NULL),('6','7886061','JOSÉ DEL CARMEN','FLORES HURTADO','M','1963-08-31',1,'3135691842','','','Cll Las Rosas Mz F Lt 3','7886061.png',NULL,3,'2019-10-25 15:29:51','2019-10-25 15:29:51'),('6','7959076','JUAN CARLOS','PAYARES GUERRERO','M',NULL,NULL,'3116712172','','','Cl.La Ceiba Mz 9 Lt 7','7959076.png',NULL,3,'2019-10-25 15:29:51','2019-10-25 15:29:51'),('6','7959383','EDGARDO MAURICIO','UTRIA OSPI','M','1972-02-03',1,'3102487605','3045590989','','Cl.Laceiba Mz G L24','7959383.png',NULL,3,'2019-10-25 15:29:51','2019-10-25 15:29:51'),('6','84078545','MIGUEL ÁNGEL','JIMÉNEZ VILLA','M',NULL,NULL,'3126878521','','','Cl.La Ceiba Mzz G Lt 24','84078545.png',NULL,3,'2019-10-25 15:29:51','2019-10-25 15:29:51'),('6','85446170','WILMAR ENRIQUE','BENAVIDES VILLEGAS','M','1973-07-19',1,'3114337818','3225813345','','Villa Efride Mz J Lt 5','85446170.png',NULL,3,'2019-10-25 15:29:51','2019-10-25 15:29:51'),('6','85484388','MARCOS DE JESÚS','PÉREZ ORDOÑEZ','M','1973-06-08',1,'3106714564','','','Cl Las Brisas Mz W Lt9','85484388.png',NULL,3,'2019-10-25 15:29:51','2019-10-25 15:29:51'),('6','8980844','ROBERTO','TIRADO','M','1975-01-28',1,'3137864821','','','Cl Villa Elfride Mz J Lt8','8980844.png',NULL,3,'2019-10-25 15:29:51','2019-10-25 15:29:51'),('6','8981554','WILSON ENRIQUE','ANILLO ACOSTA','M',NULL,NULL,'3222470797','','','El Campo Mz I L17A','8981554.png',NULL,3,'2019-10-25 15:29:51','2019-10-25 15:29:51'),('7','89898989898','PRUEBA','PRUEBA DE PRUEBA',NULL,NULL,NULL,NULL,NULL,NULL,NULL,'89898989898.png',NULL,3,NULL,NULL),('6','9042928','MARCELI','MARIMÓN BATISTA','M',NULL,NULL,'3135422501','','','Cl.La Ceiba Mz D Lt 35','9042928.png',NULL,3,'2019-10-25 15:29:51','2019-10-25 15:29:51'),('6','9044301','PABLO','MERCADO MAGALLANES','M','1973-05-03',1,'3142863831','3145448853','mercadomagallanepablo@gmail.com','Cll Las Rosas Mz E Lt 11','9044301.png',NULL,3,'2019-10-25 15:29:51','2019-10-25 15:29:51'),('6','9086093','CLÍMACO JOSÉ ','OROZCO ZÚÑIGA ','M','1953-10-29',1,'3145188806','','orozcozuñigac@gmail.com','Cale Los Laureles Mzana G Lote 4 ','9086093.png',NULL,3,'2019-10-25 15:29:51','2019-10-25 15:29:51'),('6','9098207','JOHN JAIRO','VIDAL GUETO','M','1977-12-26',1,'3215589595','','','Cll Las Brissa Mz W Lt 6','9098207.png',NULL,3,'2019-10-25 15:29:51','2019-10-25 15:29:51'),('6','9098318','NÉSTOR ENRIQUE','CUADRO OROZCO','M','1977-12-05',1,'3205623495','3016061690','nesctorco210@hotmail.com','Cll El Refugio Mz W Lt 22','9098318.png',NULL,3,'2019-10-26 00:19:00','2019-10-26 00:19:00'),('6','9145269','ARGEL BAUTISTA','CASTRO GARCÉS','M',NULL,NULL,'3148805183','','','Cl. Las Flores Mz H Lt 221','9145269.png',NULL,3,'2019-10-25 15:29:51','2019-10-25 15:29:51'),('6','9145861','ROBINSON','SIMANCAS REYES','M','1980-10-26',1,'3205340575','3114211431','robisonsimamca1980@hotmail.com','Cll El Progreso Mz X Lt 10','9145861.png',NULL,3,'2019-10-25 15:29:51','2019-10-25 15:29:51'),('6','9155075','JULIO CESAR','ECHENIQUE LLERENA','M','1974-03-10',1,'3128219768','','juliocesar1031@hotmail.com','Calle La Esperanza Mz X Lt 8','9155075.png',NULL,3,'2019-10-25 15:29:51','2019-10-25 15:29:51'),('6','9202332','EDINSON DE JESÚS','OROZCO GONZÁLEZ','M','1970-07-31',1,'304204061','','','Calle los Luareles Mz F Lt 8','9202332.png',NULL,3,'2019-10-25 15:29:51','2019-10-25 15:29:51'),('6','9204844','DEIVIS','TORRES MARTÍNEZ','M','1984-06-28',1,'3108877037','3135540884','','Cll Las Brisa Mz W Lt 7','9204844.png',NULL,3,'2019-10-25 15:29:51','2019-10-25 15:29:51'),('6','92187363','LIBARDO JOSÉ','ARROLLO TOVAR','M','1964-06-06',1,'3226429494','3005728869','','Calle Los Laureles Mz F Lt 11','92187363.png',NULL,3,'2019-10-25 15:29:51','2019-10-25 15:29:51'),('6','92446381','AMILKAR','ZABALETA JIMÉNEZ','M','1969-08-18',1,'3116896977','','','Cl.La Ceiba Mz F Lt 27','92446381.png',NULL,3,'2019-10-25 15:29:51','2019-10-25 15:29:51'),('6','92533437','CARLOS DOLIS','PALMETH PÉREZ','M','1979-01-02',NULL,'3105041246','','','Cll Las Flores Mz H Lt 11','92533437.png',NULL,3,'2019-10-25 15:29:51','2019-10-25 15:29:51'),('6','9292409','MIGUEL GUILLERMO','ALFARO CARBAL','M','1975-07-08',NULL,'3215880585','','','Cll Bues Aires Mz O Lt 20','9292409.png',NULL,3,'2019-10-25 15:29:51','2019-10-25 15:29:51'),('6','9298786','AUGUSTO','CABARCAS BOLAÑOS','M','1983-07-06',1,'3106574888','3107399542','amauri8000@gmail.com','Cl.La Ceiba Mz G Lt 3A','9298786.png',NULL,3,'2019-10-25 15:29:51','2019-10-25 15:29:51');

UNLOCK TABLES;

/*Table structure for table `persona_datos_academicos` */

DROP TABLE IF EXISTS `persona_datos_academicos`;

CREATE TABLE `persona_datos_academicos` (
  `cod_da` int(11) NOT NULL AUTO_INCREMENT,
  `id` varchar(60) NOT NULL,
  `nivel_educativo` int(11) DEFAULT '8' COMMENT 'Descripción del nivel educativo',
  `titulo` varchar(300) DEFAULT NULL COMMENT 'Titulo obtenido',
  `institucion` varchar(300) DEFAULT NULL,
  `estado` varchar(100) DEFAULT NULL COMMENT 'Esatado del nivel educativo',
  `grado` date DEFAULT NULL,
  `soporte` varchar(300) DEFAULT NULL COMMENT 'Soporte del titulo',
  PRIMARY KEY (`cod_da`),
  KEY `FK_persona_datos_academicos_persona` (`id`),
  KEY `FK_persona_datos_academicos_tipo_estudios` (`nivel_educativo`),
  CONSTRAINT `FK_persona_datos_academicos_persona` FOREIGN KEY (`id`) REFERENCES `persona` (`id`) ON DELETE CASCADE ON UPDATE CASCADE,
  CONSTRAINT `FK_persona_datos_academicos_tipo_estudios` FOREIGN KEY (`nivel_educativo`) REFERENCES `tipo_estudio` (`id`) ON DELETE CASCADE ON UPDATE CASCADE
) ENGINE=InnoDB AUTO_INCREMENT=255 DEFAULT CHARSET=utf8;

/*Data for the table `persona_datos_academicos` */

LOCK TABLES `persona_datos_academicos` WRITE;

insert  into `persona_datos_academicos`(`cod_da`,`id`,`nivel_educativo`,`titulo`,`institucion`,`estado`,`grado`,`soporte`) values (1,'73154493',1,'Educación general básica primaria',NULL,'2',NULL,NULL),(2,'1063145863',2,'Bachiller académico',NULL,'3',NULL,NULL),(3,'1143357542',2,'Bachiller académico',NULL,'3',NULL,NULL),(4,'73353081',8,'No definido',NULL,'(NULL)',NULL,NULL),(5,'10882840',1,'Educación general básica primaria',NULL,'2',NULL,NULL),(6,'73149997',1,'Educación general básica primaria',NULL,'2',NULL,NULL),(7,'92446381',1,'Educación general básica primaria',NULL,'2',NULL,NULL),(8,'1001971882',2,'Bachiller académico',NULL,'2',NULL,NULL),(9,'1044938295',1,'Educación general básica primaria',NULL,'2',NULL,NULL),(10,'9145269',8,'No definido',NULL,'(NULL)',NULL,NULL),(11,'9298786',1,'Educación general básica primaria',NULL,'2',NULL,NULL),(12,'73126905',2,'Bachiller académico',NULL,'2',NULL,NULL),(13,'73163895',1,'Educación general básica primaria',NULL,'2',NULL,NULL),(14,'1010048756',2,'Bachiller académico',NULL,'2',NULL,NULL),(15,'1047493805',2,'Bachiller académico',NULL,'2',NULL,NULL),(16,'12696000',8,'No definido',NULL,'(NULL)',NULL,NULL),(17,'1122397450',8,'No definido',NULL,'(NULL)',NULL,NULL),(18,'1010095706',8,'No definido',NULL,'(NULL)',NULL,NULL),(19,'1003456280',2,'Bachiller académico',NULL,'2',NULL,NULL),(20,'1140904902',8,'No definido',NULL,'(NULL)',NULL,NULL),(21,'1047477178',8,'No definido',NULL,'(NULL)',NULL,NULL),(22,'1143332008',8,'No definido',NULL,'(NULL)',NULL,NULL),(23,'19517182',1,'Educación general básica primaria',NULL,'2',NULL,NULL),(24,'73200610',8,'No definido',NULL,'(NULL)',NULL,NULL),(25,'1051451820',2,'Bachiller académico',NULL,'(NULL)',NULL,NULL),(26,'7959383',2,'Bachiller académico',NULL,'2',NULL,NULL),(27,'1148196144',2,'Bachiller académico',NULL,'2',NULL,NULL),(28,'1051450727',8,'No definido',NULL,'(NULL)',NULL,NULL),(29,'73831436',8,'No definido',NULL,'(NULL)',NULL,NULL),(30,'1143376640',2,'Bachiller académico',NULL,'2',NULL,NULL),(31,'1051448080',8,'No definido',NULL,'(NULL)',NULL,NULL),(32,'1002490102',2,'Bachiller académico',NULL,'2',NULL,NULL),(33,'73205731',2,'Bachiller académico',NULL,'2',NULL,NULL),(34,'73350182',2,'Bachiller académico',NULL,'2',NULL,NULL),(35,'1047478175',2,'Bachiller académico',NULL,'2',NULL,NULL),(36,'1143379986',2,'Bachiller académico',NULL,'2',NULL,NULL),(37,'1235039118',2,'Bachiller académico',NULL,'2',NULL,NULL),(38,'1047450060',2,'Bachiller académico',NULL,'2',NULL,NULL),(39,'73593705',1,'Educación general básica primaria',NULL,'2',NULL,NULL),(40,'73568783',2,'Bachiller académico',NULL,'2',NULL,NULL),(41,'73146680',1,'Educación general básica primaria',NULL,'2',NULL,NULL),(42,'1002442773',2,'Bachiller académico',NULL,'2',NULL,NULL),(43,'1048943671',8,'No definido',NULL,'(NULL)',NULL,NULL),(44,'72167462',2,'Bachiller académico',NULL,'2',NULL,NULL),(45,'1043307080',8,'No definido',NULL,'(NULL)',NULL,NULL),(46,'1002185480',8,'No definido',NULL,'(NULL)',NULL,NULL),(47,'1001804427',8,'No definido',NULL,'(NULL)',NULL,NULL),(48,'1051443720',2,'Bachiller académico',NULL,'2',NULL,NULL),(49,'1193581652',8,'No definido',NULL,'(NULL)',NULL,NULL),(50,'1003189035',8,'No definido',NULL,'(NULL)',NULL,NULL),(51,'77162309',8,'No definido',NULL,'(NULL)',NULL,NULL),(52,'73195666',8,'No definido',NULL,'(NULL)',NULL,NULL),(53,'1047395074',2,'Bachiller académico',NULL,'2',NULL,NULL),(54,'73243070',1,'Educación general básica primaria',NULL,'2',NULL,NULL),(55,'7959076',8,'No definido',NULL,'(NULL)',NULL,NULL),(56,'1148706743',2,'Bachiller académico',NULL,'2',NULL,NULL),(57,'1052732744',4,'',NULL,'2',NULL,NULL),(58,'1047405873',1,'Educación general básica primaria',NULL,'2',NULL,NULL),(59,'1050782327',8,'No definido',NULL,'(NULL)',NULL,NULL),(60,'1047403692',2,'Bachiller académico',NULL,'2',NULL,NULL),(61,'1047486068',2,'Bachiller académico',NULL,'2',NULL,NULL),(62,'1047388748',2,'Bachiller académico',NULL,'2',NULL,NULL),(63,'1120743747',8,'No definido',NULL,'(NULL)',NULL,NULL),(64,'1001971881',8,'No definido',NULL,'(NULL)',NULL,NULL),(65,'73154009',1,'Educación general básica primaria',NULL,'2',NULL,NULL),(66,'1063122113',8,'No definido',NULL,'(NULL)',NULL,NULL),(67,'1050973854',8,'No definido',NULL,'(NULL)',NULL,NULL),(68,'9042928',8,'No definido',NULL,'(NULL)',NULL,NULL),(69,'1051450900',2,'Bachiller académico',NULL,'2',NULL,NULL),(70,'1001937355',8,'No definido',NULL,'(NULL)',NULL,NULL),(71,'1143385982',8,'No definido',NULL,'(NULL)',NULL,NULL),(72,'84078545',8,'No definido',NULL,'(NULL)',NULL,NULL),(73,'1003456281',2,'Bachiller académico',NULL,'2',NULL,NULL),(74,'1063157492',8,'No definido',NULL,'(NULL)',NULL,NULL),(75,'1001971883',8,'No definido',NULL,'(NULL)',NULL,NULL),(76,'45549797',2,'Bachiller académico',NULL,'2',NULL,NULL),(77,'1047374420',8,'No definido',NULL,'(NULL)',NULL,NULL),(78,'73582755',2,'Bachiller académico',NULL,'2',NULL,NULL),(79,'1143356900',8,'No definido',NULL,'(NULL)',NULL,NULL),(80,'1128047348',8,'No definido',NULL,'(NULL)',NULL,NULL),(81,'73142322',8,'No definido',NULL,'(NULL)',NULL,NULL),(82,'1047413899',8,'No definido',NULL,'(NULL)',NULL,NULL),(83,'1044928356',2,'Bachiller académico',NULL,'2',NULL,NULL),(84,'1047451033',8,'No definido',NULL,'(NULL)',NULL,NULL),(85,'1143365471',2,'Bachiller académico',NULL,'2',NULL,NULL),(86,'1047412795',2,'Bachiller académico',NULL,'2',NULL,NULL),(87,'1047364560',2,'Bachiller académico',NULL,'2',NULL,NULL),(88,'85446170',2,'Bachiller académico',NULL,'2',NULL,NULL),(89,'8981554',8,'No definido',NULL,'(NULL)',NULL,NULL),(90,'1003456958',2,'Bachiller académico',NULL,'2',NULL,NULL),(91,'1002201542',8,'No definido',NULL,'(NULL)',NULL,NULL),(92,'1049928127',8,'No definido',NULL,'(NULL)',NULL,NULL),(93,'1001967641',2,'Bachiller académico',NULL,'2',NULL,NULL),(94,'1143344079',4,'Tecnólogo en sistemas de información',NULL,'2',NULL,''),(95,'1143368946',4,'',NULL,'2',NULL,NULL),(96,'1051451387',8,'No definido',NULL,'(NULL)',NULL,NULL),(97,'8980844',8,'No definido',NULL,'2',NULL,NULL),(98,'1001968340',8,'No definido',NULL,'(NULL)',NULL,NULL),(99,'111582182',2,'Bachiller académico',NULL,'2',NULL,NULL),(100,'19890289',1,'Educación general básica primaria',NULL,'2',NULL,NULL),(101,'77184607',1,'Educación general básica primaria',NULL,'2',NULL,NULL),(102,'12594637',8,'No definido',NULL,'(NULL)',NULL,NULL),(103,'73131866',2,'Bachiller académico',NULL,'2',NULL,NULL),(104,'19517557',1,'Educación general básica primaria',NULL,'2',NULL,NULL),(105,'73143322',8,'No definido',NULL,'(NULL)',NULL,NULL),(106,'85484388',1,'Educación general básica primaria',NULL,'2',NULL,NULL),(107,'1143387109',8,'No definido',NULL,'(NULL)',NULL,NULL),(108,'1047496644',2,'Bachiller académico',NULL,'2',NULL,NULL),(109,'1051657679',8,'No definido',NULL,'(NULL)',NULL,NULL),(110,'1047375530',1,'Educación general básica primaria',NULL,'2',NULL,NULL),(111,'73185075',2,'Bachiller académico',NULL,'2',NULL,NULL),(112,'45510210',2,'Bachiller académico',NULL,'2',NULL,NULL),(113,'1002475665',3,'',NULL,'2',NULL,NULL),(114,'1047463159',4,'',NULL,'2',NULL,NULL),(115,'1143386652',1,'Educación general básica primaria',NULL,'2',NULL,NULL),(116,'121235038507',4,'',NULL,'(NULL)',NULL,NULL),(117,'1143401851',4,'',NULL,'2',NULL,NULL),(118,'1099961866',2,'Bachiller académico',NULL,'2',NULL,NULL),(119,'1102866152',4,'',NULL,'2',NULL,NULL),(120,'1143408739',2,'Bachiller académico',NULL,'2',NULL,NULL),(121,'1103109407',4,'',NULL,'2',NULL,NULL),(122,'1047448479',4,'',NULL,'2',NULL,NULL),(123,'1052066200',2,'Bachiller académico',NULL,'2',NULL,NULL),(124,'92187363',1,'Educación general básica primaria',NULL,'2',NULL,NULL),(125,'1143355772',4,'',NULL,'2',NULL,NULL),(126,'1002202444',3,'',NULL,'2',NULL,NULL),(127,'73161967',2,'Bachiller académico',NULL,'2',NULL,NULL),(128,'1047442958',2,'Bachiller académico',NULL,'2',NULL,NULL),(129,'73187214',2,'Bachiller académico',NULL,'2',NULL,NULL),(130,'1047492144',4,'',NULL,'(NULL)',NULL,NULL),(131,'1045527205',2,'Bachiller académico',NULL,'(NULL)',NULL,NULL),(132,'45561454',3,'',NULL,'(NULL)',NULL,NULL),(133,'1047461824',2,'Bachiller académico',NULL,'(NULL)',NULL,NULL),(134,'73593797',1,'Educación general básica primaria',NULL,'2',NULL,NULL),(135,'1085008145',4,'',NULL,'2',NULL,NULL),(136,'9155075',2,'Bachiller académico',NULL,'2',NULL,NULL),(137,'104866625',4,'',NULL,'2',NULL,NULL),(138,'1143415235',7,'',NULL,'2',NULL,NULL),(139,'1047412328',2,'Bachiller académico',NULL,'2',NULL,NULL),(140,'45510429',2,'Bachiller académico',NULL,'2',NULL,NULL),(141,'1003431920',5,'',NULL,'2',NULL,NULL),(142,'73549013',2,'Bachiller académico',NULL,'2',NULL,NULL),(143,'73353080',2,'Bachiller académico',NULL,'(NULL)',NULL,NULL),(144,'1043503017',4,'',NULL,'2',NULL,NULL),(145,'9292409',3,'',NULL,'(NULL)',NULL,NULL),(146,'1050949305',2,'Bachiller académico',NULL,'2',NULL,NULL),(147,'32939727',2,'Bachiller académico',NULL,'2',NULL,NULL),(148,'1143363578',7,'',NULL,'(NULL)',NULL,NULL),(149,'1041976314',1,'Educación general básica primaria',NULL,'2',NULL,NULL),(150,'1002392757',3,'',NULL,'2',NULL,NULL),(151,'1143380448',3,'',NULL,'2',NULL,NULL),(152,'73151126',2,'Bachiller académico',NULL,'1',NULL,NULL),(153,'1043645377',4,'',NULL,'2',NULL,NULL),(154,'1002203666',3,'',NULL,'(NULL)',NULL,NULL),(155,'1143377393',4,'',NULL,'2',NULL,NULL),(156,'1193568822',2,'Bachiller académico',NULL,'(NULL)',NULL,NULL),(157,'1047366018',3,'',NULL,'(NULL)',NULL,NULL),(158,'73577703',2,'Bachiller académico',NULL,'2',NULL,NULL),(159,'7886061',2,'Bachiller académico',NULL,'1',NULL,NULL),(160,'1081912331',1,'',NULL,'(NULL)',NULL,NULL),(161,'1143346912',2,'Bachiller académico',NULL,'2',NULL,NULL),(162,'1047468675',4,'',NULL,'(NULL)',NULL,NULL),(163,'30843889',4,'',NULL,'(NULL)',NULL,NULL),(164,'73377361',4,'',NULL,'(NULL)',NULL,NULL),(165,'1047510299',2,'Bachiller académico',NULL,'2',NULL,NULL),(166,'1047438276',2,'Bachiller académico',NULL,'(NULL)',NULL,NULL),(167,'1047431288',3,'',NULL,'(NULL)',NULL,NULL),(168,'73153143',1,'',NULL,'(NULL)',NULL,NULL),(169,'73431836',1,'Educación general básica primaria',NULL,'2',NULL,NULL),(170,'1047459391',2,'Bachiller académico',NULL,'2',NULL,NULL),(171,'1001967507',4,'',NULL,'(NULL)',NULL,NULL),(172,'1052738227',2,'Bachiller académico',NULL,'(NULL)',NULL,NULL),(173,'1143406394',7,'',NULL,'(NULL)',NULL,NULL),(174,'1126255133',2,'Bachiller académico',NULL,'3',NULL,NULL),(175,'1002200443',4,'',NULL,'(NULL)',NULL,NULL),(176,'1041977669',3,'',NULL,'(NULL)',NULL,NULL),(177,'1143399614',7,'',NULL,'(NULL)',NULL,NULL),(178,'9204844',1,'',NULL,'(NULL)',NULL,NULL),(179,'1047388043',2,'Bachiller académico',NULL,'(NULL)',NULL,NULL),(180,'1047382517',2,'Bachiller académico',NULL,'(NULL)',NULL,NULL),(181,'1049936828',2,'Bachiller académico',NULL,'2',NULL,NULL),(182,'1047452937',1,'',NULL,'(NULL)',NULL,NULL),(183,'73113657',1,'',NULL,'(NULL)',NULL,NULL),(184,'1143391957',7,'',NULL,'(NULL)',NULL,NULL),(185,'1047470465',4,'',NULL,'(NULL)',NULL,NULL),(186,'1143401723',7,'',NULL,'(NULL)',NULL,NULL),(187,'9098207',2,'Bachiller académico',NULL,'2',NULL,NULL),(188,'1051450601',7,'',NULL,'(NULL)',NULL,NULL),(189,'1082968674',2,'Bachiller académico',NULL,'(NULL)',NULL,NULL),(190,'1047382978',4,'',NULL,'(NULL)',NULL,NULL),(191,'9145861',7,'',NULL,'(NULL)',NULL,NULL),(192,'1047417734',7,'',NULL,'(NULL)',NULL,NULL),(193,'92533437',5,'',NULL,'(NULL)',NULL,NULL),(194,'1049826497',4,'',NULL,'(NULL)',NULL,NULL),(195,'1049826496',2,'Bachiller académico',NULL,'2',NULL,NULL),(196,'1051447435',2,'Bachiller académico',NULL,'3',NULL,NULL),(197,'105095954',2,'Bachiller académico',NULL,'(NULL)',NULL,NULL),(198,'1047505849',2,'Bachiller académico',NULL,'3',NULL,NULL),(199,'1143370787',3,'',NULL,'(NULL)',NULL,NULL),(200,'1051451374',2,'Bachiller académico',NULL,'(NULL)',NULL,NULL),(201,'1007206213',2,'Bachiller académico',NULL,'3',NULL,NULL),(202,'1047447258',2,'Bachiller académico',NULL,'(NULL)',NULL,NULL),(203,'1033774698',2,'Bachiller académico',NULL,'(NULL)',NULL,NULL),(204,'1007206186',2,'Bachiller académico',NULL,'(NULL)',NULL,NULL),(205,'9044301',1,'',NULL,'(NULL)',NULL,NULL),(206,'1101872205',1,'',NULL,'(NULL)',NULL,NULL),(207,'1045713384',2,'Bachiller académico',NULL,'2',NULL,NULL),(208,'1143375658',7,'',NULL,'(NULL)',NULL,NULL),(209,'64525028',2,'Bachiller académico',NULL,'1',NULL,NULL),(210,'1007710879',1,'',NULL,'(NULL)',NULL,NULL),(211,'1047412880',3,'',NULL,'(NULL)',NULL,NULL),(212,'1079659323',3,'',NULL,'(NULL)',NULL,NULL),(213,'1143364128',3,'',NULL,'(NULL)',NULL,NULL),(214,'1143411906',5,'',NULL,'(NULL)',NULL,NULL),(215,'1051451614',2,'Bachiller académico',NULL,'(NULL)',NULL,NULL),(216,'1002388016',2,'Bachiller académico',NULL,'(NULL)',NULL,NULL),(217,'78747852',1,'',NULL,'3',NULL,NULL),(218,'33358652',2,'Bachiller académico',NULL,'2',NULL,NULL),(219,'30855460',2,'Bachiller académico',NULL,'2',NULL,NULL),(220,'1143407002',4,'',NULL,'(NULL)',NULL,NULL),(221,'1002204239',2,'Bachiller académico',NULL,'3',NULL,NULL),(222,'1148207443',3,'',NULL,'(NULL)',NULL,NULL),(223,'70526790',2,'Bachiller académico',NULL,'3',NULL,NULL),(224,'73166565',1,'',NULL,'3',NULL,NULL),(225,'12595569',2,'Bachiller académico',NULL,'3',NULL,NULL),(226,'1001973966',2,'Bachiller académico',NULL,'2',NULL,NULL),(227,'1235038561',4,'',NULL,'2',NULL,NULL),(228,'1143383555',4,'',NULL,'2',NULL,NULL),(229,'72175041',1,'',NULL,'2',NULL,NULL),(230,'9202332',1,'',NULL,'2',NULL,NULL),(231,'45760452',2,'Bachiller académico',NULL,'2',NULL,NULL),(232,'1143372393',2,'Bachiller académico',NULL,'2',NULL,NULL),(233,'33254767',2,'Bachiller académico',NULL,'2',NULL,NULL),(234,'1041974511',2,'Bachiller académico',NULL,'2',NULL,NULL),(235,'73226303',1,'',NULL,'2',NULL,NULL),(236,'1143383506',3,'',NULL,'2',NULL,NULL),(237,'26027467',3,'',NULL,'2',NULL,NULL),(238,'9098318',3,'',NULL,'2',NULL,NULL),(239,'1070815753',1,'Educación general básica primaria',NULL,'2',NULL,NULL),(240,'1143397540',2,'Bachiller académico',NULL,'2',NULL,NULL),(241,'1143411372',3,'',NULL,'2',NULL,NULL),(242,'5134792',2,'Bachiller académico',NULL,'2',NULL,NULL),(243,'1047459343',2,'Bachiller académico',NULL,'2',NULL,NULL),(244,'45460530',2,'Bachiller académico',NULL,'2',NULL,NULL),(245,'1070808609',1,'Educación general básica primaria',NULL,'2',NULL,NULL),(246,'9086093',3,'',NULL,'2',NULL,NULL),(247,'73111145',1,'Educación general básica primaria',NULL,'2',NULL,NULL),(248,'1052074378',2,'Bachiller académico',NULL,'2',NULL,NULL),(249,'1051445576',2,'Bachiller académico',NULL,'2',NULL,NULL),(250,'1143408731',2,'Bachiller académico',NULL,'2',NULL,NULL),(251,'10143395093',2,'Bachiller académico',NULL,'2',NULL,NULL),(252,'1002388018',2,'Bachiller académico',NULL,'2',NULL,NULL),(253,'45523133',2,'Bachiller académico',NULL,'2',NULL,NULL),(254,'1047377580',2,'Bachiller académico',NULL,'2',NULL,NULL);

UNLOCK TABLES;

/*Table structure for table `persona_datos_academicos_plus` */

DROP TABLE IF EXISTS `persona_datos_academicos_plus`;

CREATE TABLE `persona_datos_academicos_plus` (
  `id` varchar(60) NOT NULL,
  `cursos` varchar(300) DEFAULT NULL,
  `id_idioma` int(11) DEFAULT NULL,
  `n_idioma` varchar(300) DEFAULT NULL,
  `created_at` datetime DEFAULT NULL,
  `updated_at` datetime DEFAULT NULL,
  PRIMARY KEY (`id`),
  KEY `FK_persona_datos_academicos_plus_idioma` (`id_idioma`),
  CONSTRAINT `FK_persona_datos_academicos_plus_idioma` FOREIGN KEY (`id_idioma`) REFERENCES `idioma` (`id`) ON DELETE CASCADE ON UPDATE CASCADE,
  CONSTRAINT `FK_persona_datos_academicos_plus_persona` FOREIGN KEY (`id`) REFERENCES `persona` (`id`) ON DELETE CASCADE ON UPDATE CASCADE
) ENGINE=InnoDB DEFAULT CHARSET=utf8;

/*Data for the table `persona_datos_academicos_plus` */

LOCK TABLES `persona_datos_academicos_plus` WRITE;

insert  into `persona_datos_academicos_plus`(`id`,`cursos`,`id_idioma`,`n_idioma`,`created_at`,`updated_at`) values ('1001804427','',NULL,'','2019-10-25 15:29:51','2019-10-25 15:29:51'),('1001937355','',NULL,'','2019-10-25 15:29:51','2019-10-25 15:29:51'),('1001967507','',NULL,'','2019-10-25 15:29:51','2019-10-25 15:29:51'),('1001967641','',NULL,'','2019-10-25 15:29:51','2019-10-25 15:29:51'),('1001968340','Curso de Altura',NULL,'','2019-10-25 15:29:51','2019-10-25 15:29:51'),('1001971881','',NULL,'','2019-10-25 15:29:51','2019-10-25 15:29:51'),('1001971882','Ayudante de Herrería, Ayudante de Pintura',NULL,'','2019-10-25 15:29:51','2019-10-25 15:29:51'),('1001971883','',NULL,'','2019-10-25 15:29:51','2019-10-25 15:29:51'),('1002185480',' ',NULL,'','2019-10-25 15:29:51','2019-10-25 15:29:51'),('1002200443','',NULL,'','2019-10-25 15:29:51','2019-10-25 15:29:51'),('1002201542','',NULL,'','2019-10-25 15:29:51','2019-10-25 15:29:51'),('1002202444','',NULL,'','2019-10-25 15:29:51','2019-10-25 15:29:51'),('1002203666','Bodegaje, Técnica en Gestión Naviera y portuaria, ',NULL,'','2019-10-25 15:29:51','2019-10-25 15:29:51'),('1002204239','',NULL,'','2019-10-25 15:29:51','2019-10-25 15:29:51'),('1002388016','Manipulación de alimentos',NULL,'','2019-10-25 15:29:51','2019-10-25 15:29:51'),('1002388018','Soldadura, Pintura, Altura',NULL,'','2019-10-25 15:29:51','2019-10-25 15:29:51'),('1002392757','Comercio Internacional, Manipulación de alimentos. ',NULL,'','2019-10-25 15:29:51','2019-10-25 15:29:51'),('1002442773','Soldador, Tornero',NULL,'','2019-10-25 15:29:51','2019-10-25 15:29:51'),('1002475665','',3,'','2019-10-25 15:29:51','2019-10-25 15:29:51'),('1002490102','Atención al cliente, Interpretación de Planos, Soldadura , Mecánico Diésel',NULL,'','2019-10-25 15:29:51','2019-10-25 15:29:51'),('1003189035','',NULL,'','2019-10-25 15:29:51','2019-10-25 15:29:51'),('1003431920','Albañilería básica',NULL,'','2019-10-25 15:29:51','2019-10-25 15:29:51'),('1003456280','',NULL,'','2019-10-25 15:29:51','2019-10-25 15:29:51'),('1003456281','',NULL,'','2019-10-25 15:29:51','2019-10-25 15:29:51'),('1003456958','',NULL,'','2019-10-25 15:29:51','2019-10-25 15:29:51'),('1007206186','',NULL,'','2019-10-25 15:29:51','2019-10-25 15:29:51'),('1007206213','',NULL,'','2019-10-25 15:29:51','2019-10-25 15:29:51'),('1007710879','Técnico en operaciones de contaduría, Filosofía',NULL,'','2019-10-25 15:29:51','2019-10-25 15:29:51'),('1010048756','Interpretación de Planos',NULL,'','2019-10-25 15:29:51','2019-10-25 15:29:51'),('1010095706','Salud Ocupacional, Manipulación de Alimentos',NULL,'','2019-10-25 15:29:51','2019-10-25 15:29:51'),('10143395093','',NULL,'','2019-10-25 15:29:51','2019-10-25 15:29:51'),('1033774698','Interpretación de planos, Primeros Auxilios, Construcción Básica',NULL,'','2019-10-25 15:29:51','2019-10-25 15:29:51'),('1041974511','No',3,'','2019-10-25 15:29:51','2019-10-25 15:29:51'),('1041976314','Caja registradora, Manipulación de alimentos, Atención al cliente, ',NULL,'','2019-10-25 15:29:51','2019-10-25 15:29:51'),('1041977669','',NULL,'','2019-10-25 15:29:51','2019-10-25 15:29:51'),('1043307080','',NULL,'','2019-10-25 15:29:51','2019-10-25 15:29:51'),('1043503017','',NULL,'','2019-10-25 15:29:51','2019-10-25 15:29:51'),('1043645377','',NULL,'','2019-10-25 15:29:51','2019-10-25 15:29:51'),('1044928356','Mecánico Automotriz y Ambiental',NULL,'','2019-10-25 15:29:51','2019-10-25 15:29:51'),('1044938295','no',NULL,'','2019-10-25 15:29:51','2019-10-25 15:29:51'),('1045527205','',NULL,'','2019-10-25 15:29:51','2019-10-25 15:29:51'),('1045713384','Almacenamiento y bodegaje, Diseño de modas, camarera',NULL,'','2019-10-25 15:29:51','2019-10-25 15:29:51'),('1047364560','',NULL,'','2019-10-25 15:29:51','2019-10-25 15:29:51'),('1047366018','Montacargas, Seguridad industrial, Electricidad básica',NULL,'','2019-10-25 15:29:51','2019-10-25 15:29:51'),('1047374420','',NULL,'','2019-10-25 15:29:51','2019-10-25 15:29:51'),('1047375530','Auxiliar contable, interpretación de planos en tubería industrial, Salud Ocupacional, Asesor de venta',3,'0','2019-10-25 15:29:51','2019-10-25 15:29:51'),('1047377580','Jardinería',NULL,'','2019-10-25 15:29:51','2019-10-25 15:29:51'),('1047382517','Soldadura con procesos SMAW, Interpretación de planos, Emprendimiento social.',NULL,'','2019-10-25 15:29:51','2019-10-25 15:29:51'),('1047382978','Soldadura Básica, Corte y fresado, Interpretación de planos',NULL,'','2019-10-25 15:29:51','2019-10-25 15:29:51'),('1047388043','',NULL,'','2019-10-25 15:29:51','2019-10-25 15:29:51'),('1047388748','',NULL,'','2019-10-25 15:29:51','2019-10-25 15:29:51'),('1047395074','',NULL,'','2019-10-25 15:29:51','2019-10-25 15:29:51'),('1047403692','Soldadura Básica, TraBásico en Altura, Operador de Montacargas',NULL,'','2019-10-25 15:29:51','2019-10-25 15:29:51'),('1047405873','Informática Básica, Almacenamiento y Bodegaje de mercancía, Pintura Arquitectónica y Estuco.',NULL,'','2019-10-25 15:29:51','2019-10-25 15:29:51'),('1047412328','Higiene, Manipulación de alimentos',NULL,'','2019-10-25 15:29:51','2019-10-25 15:29:51'),('1047412795','Montacargas, Soldadura Básica',NULL,'','2019-10-25 15:29:51','2019-10-25 15:29:51'),('1047412880','Técnico mecánica en maquinaria Industriales.',NULL,'','2019-10-25 15:29:51','2019-10-25 15:29:51'),('1047413899','',NULL,'','2019-10-25 15:29:51','2019-10-25 15:29:51'),('1047417734','',NULL,'','2019-10-25 15:29:51','2019-10-25 15:29:51'),('1047431288','',NULL,'','2019-10-25 15:29:51','2019-10-25 15:29:51'),('1047438276','',NULL,'','2019-10-25 15:29:51','2019-10-25 15:29:51'),('1047442958','Primeros Auxilios',NULL,'','2019-10-25 15:29:51','2019-10-25 15:29:51'),('1047447258','',NULL,'','2019-10-25 15:29:51','2019-10-25 15:29:51'),('1047448479','Mampostería, Altura avanzado, Prefabricado',NULL,'','2019-10-25 15:29:51','2019-10-25 15:29:51'),('1047450060','Armador y desarmador de Andamios, Curso de Rescate ',NULL,'','2019-10-25 15:29:51','2019-10-25 15:29:51'),('1047451033','Soldadura SMAW, Curso de Altura',NULL,'','2019-10-25 15:29:51','2019-10-25 15:29:51'),('1047452937','',NULL,'','2019-10-25 15:29:51','2019-10-25 15:29:51'),('1047459343','Curso de altura, Espacio Confinado, Rescate, Primeros Auxilios',NULL,'','2019-10-25 15:29:51','2019-10-25 15:29:51'),('1047459391','',NULL,'','2019-10-25 15:29:51','2019-10-25 15:29:51'),('1047461824','Seguridad Industrial, ',NULL,'','2019-10-25 15:29:51','2019-10-25 15:29:51'),('1047463159','',NULL,'','2019-10-25 15:29:51','2019-10-25 15:29:51'),('1047468675','Mercaderista, Impulsadora, Supervisora',3,'0','2019-10-25 15:29:51','2019-10-25 15:29:51'),('1047470465','',NULL,'','2019-10-25 15:29:51','2019-10-25 15:29:51'),('1047477178','',NULL,'','2019-10-25 15:29:51','2019-10-25 15:29:51'),('1047478175','Técnico en montacargas y pajaritas, Curso Complementarios Manejo de montacargas',3,'0','2019-10-25 15:29:51','2019-10-25 15:29:51'),('1047486068','',NULL,'','2019-10-25 15:29:51','2019-10-25 15:29:51'),('1047492144','',NULL,'','2019-10-25 15:29:51','2019-10-25 15:29:51'),('1047493805','Técnico de soldadura',NULL,'','2019-10-25 15:29:51','2019-10-25 15:29:51'),('1047496644','',NULL,'','2019-10-25 15:29:51','2019-10-25 15:29:51'),('1047505849','Soldadura Básica, recursos humanos, manejo ambiental.',3,'0','2019-10-25 15:29:51','2019-10-25 15:29:51'),('1047510299','',NULL,'','2019-10-25 15:29:51','2019-10-25 15:29:51'),('104866625','Media técnica Instalaciones eléctricas residenciales',3,'0','2019-10-25 15:29:51','2019-10-25 15:29:51'),('1048943671','',NULL,'','2019-10-25 15:29:51','2019-10-25 15:29:51'),('1049826496','',NULL,'','2019-10-25 15:29:51','2019-10-25 15:29:51'),('1049826497','Curso de Altura',NULL,'','2019-10-25 15:29:51','2019-10-25 15:29:51'),('1049928127','',NULL,'','2019-10-25 15:29:51','2019-10-25 15:29:51'),('1049936828','',NULL,'','2019-10-25 15:29:51','2019-10-25 15:29:51'),('1050782327','',NULL,'','2019-10-25 15:29:51','2019-10-25 15:29:51'),('1050949305','',3,'0','2019-10-25 15:29:51','2019-10-25 15:29:51'),('105095954','',NULL,'','2019-10-25 15:29:51','2019-10-25 15:29:51'),('1050973854','Maquinaria Pesada',3,'0','2019-10-25 15:29:51','2019-10-25 15:29:51'),('1051443720','',NULL,'','2019-10-25 15:29:51','2019-10-25 15:29:51'),('1051445576','Almacenamiento y bodega, carga y descargue de productos, operador de montacargas, reparación y mantenimiento de motores, preparación de superficies, exportación e importación aduanero, armado de andamios. ',NULL,'','2019-10-25 15:29:51','2019-10-25 15:29:51'),('1051447435','',NULL,'','2019-10-25 15:29:51','2019-10-25 15:29:51'),('1051448080','Maquinaria Pesada',NULL,'','2019-10-25 15:29:51','2019-10-25 15:29:51'),('1051450601','',NULL,'','2019-10-25 15:29:51','2019-10-25 15:29:51'),('1051450727','Mampostería',NULL,'','2019-10-25 15:29:51','2019-10-25 15:29:51'),('1051450900','',NULL,'','2019-10-25 15:29:51','2019-10-25 15:29:51'),('1051451374','',NULL,'','2019-10-25 15:29:51','2019-10-25 15:29:51'),('1051451387','',NULL,'','2019-10-25 15:29:51','2019-10-25 15:29:51'),('1051451614','',NULL,'','2019-10-25 15:29:51','2019-10-25 15:29:51'),('1051451820','Acabado en concreto',NULL,'','2019-10-25 15:29:51','2019-10-25 15:29:51'),('1051657679','',NULL,'','2019-10-25 15:29:51','2019-10-25 15:29:51'),('1052066200','Manipulación de Alimentos, ',NULL,'','2019-10-25 15:29:51','2019-10-25 15:29:51'),('1052074378','',NULL,'','2019-10-25 15:29:51','2019-10-25 15:29:51'),('1052732744','',NULL,'','2019-10-25 15:29:51','2019-10-25 15:29:51'),('1052738227','',NULL,'','2019-10-25 15:29:51','2019-10-25 15:29:51'),('1063122113','',NULL,'','2019-10-25 15:29:51','2019-10-25 15:29:51'),('1063145863','Ayudante de Grúa',NULL,'','2019-10-25 15:29:51','2019-10-25 15:29:51'),('1063157492','Técnica en seguridad Ocupacional, Corte y Armado de Estructuras, Soldadura Básica, Tubería Complementaria',NULL,'','2019-10-25 15:29:51','2019-10-25 15:29:51'),('1070808609','No',NULL,'','2019-10-25 15:29:51','2019-10-25 15:29:51'),('1070815753','No',NULL,'','2019-10-25 15:29:51','2019-10-25 15:29:51'),('1079659323','',NULL,'','2019-10-25 15:29:51','2019-10-25 15:29:51'),('1081912331','Almacenamiento y bodegaje, Electricidad Básica',NULL,'','2019-10-25 15:29:51','2019-10-25 15:29:51'),('1082968674','Almacenamiento y bodegaje',3,'0','2019-10-25 15:29:51','2019-10-25 15:29:51'),('1085008145','Soldadura Básica, ',NULL,'','2019-10-25 15:29:51','2019-10-25 15:29:51'),('10882840','Altura,  Espacio confinado',NULL,'','2019-10-25 15:29:51','2019-10-25 15:29:51'),('1099961866','Producción Industrial',NULL,'','2019-10-25 15:29:51','2019-10-25 15:29:51'),('1101872205','Salud Ocupación Y contabilidad',3,'0','2019-10-25 15:29:51','2019-10-25 15:29:51'),('1102866152','',NULL,'','2019-10-25 15:29:51','2019-10-25 15:29:51'),('1103109407','Salud Ocupacional, TraBásico en Altura, Manipulación de sustancias químicas',NULL,'','2019-10-25 15:29:51','2019-10-25 15:29:51'),('111582182','',NULL,'','2019-10-25 15:29:51','2019-10-25 15:29:51'),('1120743747','Montacargas, Mampostería, Obra civil',NULL,'','2019-10-25 15:29:51','2019-10-25 15:29:51'),('1122397450','',NULL,'','2019-10-25 15:29:51','2019-10-25 15:29:51'),('1126255133','Técnico en mecánica Industrial, TraBásico en Altura Avanzado, Operador de mini cargador, Sistemas de Gestión de Seguridad y salud en el traBásico.',NULL,'','2019-10-25 15:29:51','2019-10-25 15:29:51'),('1128047348','',NULL,'','2019-10-25 15:29:51','2019-10-25 15:29:51'),('1140904902','',NULL,'','2019-10-25 15:29:51','2019-10-25 15:29:51'),('1143332008','',NULL,'','2019-10-25 15:29:51','2019-10-25 15:29:51'),('1143344079','mecatrónica, inglés',2,'0','2019-10-25 15:29:51','2019-11-25 06:19:04'),('1143346912','',NULL,'','2019-10-25 15:29:51','2019-10-25 15:29:51'),('1143355772','',NULL,'','2019-10-25 15:29:51','2019-10-25 15:29:51'),('1143356900','',NULL,'','2019-10-25 15:29:51','2019-10-25 15:29:51'),('1143357542','Herrero, Altura',NULL,'','2019-10-25 15:29:51','2019-10-25 15:29:51'),('1143363578','',NULL,'','2019-10-25 15:29:51','2019-10-25 15:29:51'),('1143364128','',NULL,'','2019-10-25 15:29:51','2019-10-25 15:29:51'),('1143365471','Soldadura Básica, Emprendimiento Social , Mampostería',NULL,'','2019-10-25 15:29:51','2019-10-25 15:29:51'),('1143368946','Curso de Altura en Comfamiliar',NULL,'','2019-10-25 15:29:51','2019-10-25 15:29:51'),('1143370787','',NULL,'','2019-10-25 15:29:51','2019-10-25 15:29:51'),('1143372393','Seguridad ',NULL,'','2019-10-25 15:29:51','2019-10-25 15:29:51'),('1143375658','',NULL,'','2019-10-25 15:29:51','2019-10-25 15:29:51'),('1143376640','',NULL,'','2019-10-25 15:29:51','2019-10-25 15:29:51'),('1143377393','',NULL,'','2019-10-25 15:29:51','2019-10-25 15:29:51'),('1143379986','Albañilería, Herrería',NULL,'','2019-10-25 15:29:51','2019-10-25 15:29:51'),('1143380448','Servicio al Cliente, Manejo Defensivo.',NULL,'','2019-10-25 15:29:51','2019-10-25 15:29:51'),('1143383506','',NULL,'','2019-10-25 15:29:51','2019-10-25 15:29:51'),('1143383555','Soldadura, Emprendimiento',NULL,'','2019-10-25 15:29:51','2019-10-25 15:29:51'),('1143385982','TraBásico en Altura',3,'1','2019-10-25 15:29:51','2019-10-25 15:29:51'),('1143386652','',NULL,'','2019-10-25 15:29:51','2019-10-25 15:29:51'),('1143387109','Soldadura, Mecánica diésel, entre otros',NULL,'','2019-10-25 15:29:51','2019-10-25 15:29:51'),('1143391957','Ingeniería Industrial',NULL,'','2019-10-25 15:29:51','2019-10-25 15:29:51'),('1143397540','Auxiliar de Mantenimiento de Maquinaria Industrial',NULL,'','2019-10-25 15:29:51','2019-10-25 15:29:51'),('1143399614','Soldadura Básica, manejo de manlift.',NULL,'','2019-10-25 15:29:51','2019-10-25 15:29:51'),('1143401723','Soldador de Agón en tuberías',NULL,'','2019-10-25 15:29:51','2019-10-25 15:29:51'),('1143401851','Almacenamiento y bodegaje, Salud Ocupacional',3,'','2019-10-25 15:29:51','2019-10-25 15:29:51'),('1143406394','',NULL,'','2019-10-25 15:29:51','2019-10-25 15:29:51'),('1143407002','Pintura, Estuco',NULL,'','2019-10-25 15:29:51','2019-10-25 15:29:51'),('1143408731','Curso de Altura, Montacargas, Seguridad en el traBásico, Cargue y Descargue',NULL,'','2019-10-25 15:29:51','2019-10-25 15:29:51'),('1143408739','',NULL,'','2019-10-25 15:29:51','2019-10-25 15:29:51'),('1143411372','Curso de altura, Control de Alimentos',NULL,'','2019-10-25 15:29:51','2019-10-25 15:29:51'),('1143411906','',NULL,'','2019-10-25 15:29:51','2019-10-25 15:29:51'),('1143415235','Almacenamiento y bodegaje, Manipulación de Alimentos.',NULL,'','2019-10-25 15:29:51','2019-10-25 15:29:51'),('1148196144','',NULL,'','2019-10-25 15:29:51','2019-10-25 15:29:51'),('1148207443','Soldadura Mixta',NULL,'','2019-10-25 15:29:51','2019-10-25 15:29:51'),('1148706743','Primeros Auxilios, TraBásico en Altura, Comunicación Pública',NULL,'','2019-10-25 15:29:51','2019-10-25 15:29:51'),('1193568822','',NULL,'','2019-10-25 15:29:51','2019-10-25 15:29:51'),('1193581652','',NULL,'','2019-10-25 15:29:51','2019-10-25 15:29:51'),('121235038507','',NULL,'','2019-10-25 15:29:51','2019-10-25 15:29:51'),('1235038561','',NULL,'','2019-10-25 15:29:51','2019-10-25 15:29:51'),('1235039118','Albañilería',NULL,'','2019-10-25 15:29:51','2019-10-25 15:29:51'),('12594637','Concreto estampado.',NULL,'','2019-10-25 15:29:51','2019-10-25 15:29:51'),('12595569','Redes y VoIP, Instalación de cámaras, Negocios en Internet ',3,'1','2019-10-25 15:29:51','2019-10-25 15:29:51'),('12696000','',NULL,'','2019-10-25 15:29:51','2019-10-25 15:29:51'),('19517182','',NULL,'','2019-10-25 15:29:51','2019-10-25 15:29:51'),('19517557','',NULL,'','2019-10-25 15:29:51','2019-10-25 15:29:51'),('19890289','Curso de Altura',NULL,'','2019-10-25 15:29:51','2019-10-25 15:29:51'),('26027467','Básico de almacenamiento y bodegaje de mercancías, Cargue y descargue de mercancías, Basc Cartagena, Desarrollo de la operación de importación y exportación, electrónica básica, Club de informática básica, Club de mantenimiento de computadores, Mantenimie怂',NULL,'','2019-10-25 15:29:51','2019-10-25 15:29:51'),('30843889','',NULL,'','2019-10-25 15:29:51','2019-10-25 15:29:51'),('30855460','Soldadura Básica',NULL,'','2019-10-25 15:29:51','2019-10-25 15:29:51'),('32939727','',NULL,'','2019-10-25 15:29:51','2019-10-25 15:29:51'),('33254767','',NULL,'','2019-10-25 15:29:51','2019-10-25 15:29:51'),('33358652','Electricidad Básica, bodegaje de carga y despacho ',NULL,'','2019-10-25 15:29:51','2019-10-25 15:29:51'),('45460530','Manualidades, Ser Social. ',NULL,'','2019-10-25 15:29:51','2019-10-25 15:29:51'),('45510210','',NULL,'','2019-10-25 15:29:51','2019-10-25 15:29:51'),('45510429','Contabilidad de operaciones ',NULL,'','2019-10-25 15:29:51','2019-10-25 15:29:51'),('45523133','',NULL,'','2019-10-25 15:29:51','2019-10-25 15:29:51'),('45549797','Acabado en colocación de Concreto',NULL,'','2019-10-25 15:29:51','2019-10-25 15:29:51'),('45561454','',3,'0','2019-10-25 15:29:51','2019-10-25 15:29:51'),('45760452','No',NULL,'','2019-10-25 15:29:51','2019-10-25 15:29:51'),('5134792','',NULL,'','2019-10-25 15:29:51','2019-10-25 15:29:51'),('64525028','Esmerilador, Montador, Auxiliar técnico, Operador retro cargador. Entre otros cursos ',NULL,'','2019-10-25 15:29:51','2019-10-25 15:29:51'),('70526790','',NULL,'','2019-10-25 15:29:51','2019-10-25 15:29:51'),('72167462','',NULL,'','2019-10-25 15:29:51','2019-10-25 15:29:51'),('72175041','Paletera',NULL,'','2019-10-25 15:29:51','2019-10-25 15:29:51'),('73111145','',NULL,'','2019-10-25 15:29:51','2019-10-25 15:29:51'),('73113657','',NULL,'','2019-10-25 15:29:51','2019-10-25 15:29:51'),('73126905','',NULL,'','2019-10-25 15:29:51','2019-10-25 15:29:51'),('73131866','Obra Civil, Anclaje refractarios, Manipulación de Herramientas.',NULL,'','2019-10-25 15:29:51','2019-10-25 15:29:51'),('73142322','Vigilante, Albañilería, Montacargas y descarga',NULL,'','2019-10-25 15:29:51','2019-10-25 15:29:51'),('73143322','',NULL,'','2019-10-25 15:29:51','2019-10-25 15:29:51'),('73146680','',NULL,'','2019-10-25 15:29:51','2019-10-25 15:29:51'),('73149997','Mampostería',NULL,'','2019-10-25 15:29:51','2019-10-25 15:29:51'),('73151126','Asistente Administrativa, Manipulación de alimento, Atención al cliente',NULL,'','2019-10-25 15:29:51','2019-10-25 15:29:51'),('73153143','Mampostería',NULL,'','2019-10-25 15:29:51','2019-10-25 15:29:51'),('73154009','',NULL,'','2019-10-25 15:29:51','2019-10-25 15:29:51'),('73154493','',NULL,'','2019-10-25 15:29:51','2019-10-25 15:29:51'),('73161967','Soldadura básica, Electricidad básica, técnico Salud Ocupacional',NULL,'','2019-10-25 15:29:51','2019-10-25 15:29:51'),('73163895','Emprendimiento',NULL,'','2019-10-25 15:29:51','2019-10-25 15:29:51'),('73166565','Almacenamiento y bodegaje, Cargue y descargue ',NULL,'','2019-10-25 15:29:51','2019-10-25 15:29:51'),('73185075','jardinería, Secretaria, Seguridad Industrial',3,'0','2019-10-25 15:29:51','2019-10-25 15:29:51'),('73187214','Pintura, Estuco',NULL,'','2019-10-25 15:29:51','2019-10-25 15:29:51'),('73195666','Oficial de Albañilería',NULL,'','2019-10-25 15:29:51','2019-10-25 15:29:51'),('73200610','Electricidad Media Técnica',NULL,'','2019-10-25 15:29:51','2019-10-25 15:29:51'),('73205731','Soldadura, Tuberías, Trazado en Laminas, Intercambiador',NULL,'','2019-10-25 15:29:51','2019-10-25 15:29:51'),('73226303','Gestión Social, Administración Pública, Promotora Ambiental, Formador de Formadores, Gestora Ambiental , Gestora Ante el Abuso Contra la Mujer, Auxiliar de rescate,',NULL,'','2019-10-25 15:29:51','2019-10-25 15:29:51'),('73243070','Albañilería',NULL,'','2019-10-25 15:29:51','2019-10-25 15:29:51'),('73350182','Mecánica Básica, Primeros Auxilios, Manejos Defensivos',NULL,'','2019-10-25 15:29:51','2019-10-25 15:29:51'),('73353080','Técnica en manipulación de alimentos, servicio al cliente, 13, caja registradora, entre otros. ',NULL,'','2019-10-25 15:29:51','2019-10-25 15:29:51'),('73353081','',NULL,'','2019-10-25 15:29:51','2019-10-25 15:29:51'),('73377361','Electricidad ',NULL,'','2019-10-25 15:29:51','2019-10-25 15:29:51'),('73431836','HSEQ',3,'0','2019-10-25 15:29:51','2019-10-25 15:29:51'),('73549013','',NULL,'','2019-10-25 15:29:51','2019-10-25 15:29:51'),('73568783','Soldadura  Básica, Interpretación de Planos',NULL,'','2019-10-25 15:29:51','2019-10-25 15:29:51'),('73577703','',NULL,'','2019-10-25 15:29:51','2019-10-25 15:29:51'),('73582755','',NULL,'','2019-10-25 15:29:51','2019-10-25 15:29:51'),('73593705','Obrero, Armador de Andamios, Tráfico de Vías, Ayudante de soldadura.',NULL,'','2019-10-25 15:29:51','2019-10-25 15:29:51'),('73593797','Técnico mecánica Diésel automotriz ',3,'1','2019-10-25 15:29:51','2019-10-25 15:29:51'),('73831436','Altura, Mercadeo y Ventas',NULL,'','2019-10-25 15:29:51','2019-10-25 15:29:51'),('77162309','Mecánico, Ayudante Mecánico técnico, Esmerilador, Interpretación de Plano, Soldadura Básico',NULL,'','2019-10-25 15:29:51','2019-10-25 15:29:51'),('77184607','',NULL,'','2019-10-25 15:29:51','2019-10-25 15:29:51'),('78747852','Soldadura Básica, Mampostería, Otros ',NULL,'','2019-10-25 15:29:51','2019-10-25 15:29:51'),('7886061','',NULL,'','2019-10-25 15:29:51','2019-10-25 15:29:51'),('7959076','Coordinador de traBásicos en Altura, Manejo de Herramientas Manuales',3,'1','2019-10-25 15:29:51','2019-10-25 15:29:51'),('7959383','',NULL,'','2019-10-25 15:29:51','2019-10-25 15:29:51'),('84078545','',NULL,'','2019-10-25 15:29:51','2019-10-25 15:29:51'),('85446170','Salud Ocupacional, soldadura',3,'0','2019-10-25 15:29:51','2019-10-25 15:29:51'),('85484388','',NULL,'','2019-10-25 15:29:51','2019-10-25 15:29:51'),('8980844','',NULL,'','2019-10-25 15:29:51','2019-10-25 15:29:51'),('8981554','',NULL,'','2019-10-25 15:29:51','2019-10-25 15:29:51'),('9042928','',NULL,'','2019-10-25 15:29:51','2019-10-25 15:29:51'),('9044301','Vigilancia',NULL,'','2019-10-25 15:29:51','2019-10-25 15:29:51'),('9086093','Curso de Calde, Mercadeo, Guitarra ',3,'0','2019-10-25 15:29:51','2019-10-25 15:29:51'),('9098207','',NULL,'','2019-10-25 15:29:51','2019-10-25 15:29:51'),('9098318','Almacenamiento y bodegaje, Manejo Seguro',3,'1','2019-10-25 15:29:51','2019-10-25 15:29:51'),('9145269','',NULL,'','2019-10-26 00:19:00','2019-10-26 00:19:00'),('9145861','',NULL,'','2019-10-25 15:29:51','2019-10-25 15:29:51'),('9155075','Diseño metalmecánico con máquinas CSC, Técnico en mantenimiento correctivo industrial con básico logístico',3,'0','2019-10-25 15:29:51','2019-10-25 15:29:51'),('9202332','Manejo de Alimentos, Seguridad Vial',NULL,'','2019-10-25 15:29:51','2019-10-25 15:29:51'),('9204844','',NULL,'','2019-10-25 15:29:51','2019-10-25 15:29:51'),('92187363','Seguridad Industrial, Salud Ocupacional, Gestión del talento Humano, Servicio de atención al  Cliente',NULL,'','2019-10-25 15:29:51','2019-10-25 15:29:51'),('92446381','Atura,  Espacio confinado',NULL,'','2019-10-25 15:29:51','2019-10-25 15:29:51'),('92533437','',NULL,'','2019-10-25 15:29:51','2019-10-25 15:29:51'),('9292409','',NULL,'','2019-10-25 15:29:51','2019-10-25 15:29:51'),('9298786','Aparejador de Maquinaria pesada',NULL,'','2019-10-25 15:29:51','2019-10-25 15:29:51');

UNLOCK TABLES;

/*Table structure for table `persona_datos_profesionales` */

DROP TABLE IF EXISTS `persona_datos_profesionales`;

CREATE TABLE `persona_datos_profesionales` (
  `cod_dp` int(11) NOT NULL AUTO_INCREMENT,
  `id` varchar(60) DEFAULT NULL,
  `titulo` varchar(300) DEFAULT NULL,
  `id_categoria` int(11) DEFAULT NULL,
  `id_perfil` int(11) DEFAULT NULL,
  `descripcion` varchar(300) DEFAULT NULL COMMENT 'Descripcion del perfil profesional',
  `estado` varchar(30) DEFAULT '0',
  `created_at` datetime DEFAULT NULL,
  `updated_at` datetime DEFAULT NULL,
  PRIMARY KEY (`cod_dp`),
  KEY `FK_persona_datos_profesionales_persona` (`id`),
  KEY `FK_persona_datos_profesionales_perfil` (`id_perfil`),
  KEY `FK_persona_datos_profesionales_cat` (`id_categoria`),
  CONSTRAINT `FK_persona_datos_profesionales_cat` FOREIGN KEY (`id_categoria`) REFERENCES `cat_laboral` (`id`) ON DELETE CASCADE ON UPDATE CASCADE,
  CONSTRAINT `FK_persona_datos_profesionales_perfil` FOREIGN KEY (`id_perfil`) REFERENCES `perfil_lab` (`id`) ON DELETE CASCADE ON UPDATE CASCADE,
  CONSTRAINT `FK_persona_datos_profesionales_persona` FOREIGN KEY (`id`) REFERENCES `persona` (`id`) ON DELETE CASCADE ON UPDATE CASCADE
) ENGINE=InnoDB AUTO_INCREMENT=258 DEFAULT CHARSET=utf8;

/*Data for the table `persona_datos_profesionales` */

LOCK TABLES `persona_datos_profesionales` WRITE;

insert  into `persona_datos_profesionales`(`cod_dp`,`id`,`titulo`,`id_categoria`,`id_perfil`,`descripcion`,`estado`,`created_at`,`updated_at`) values (1,'73154493','Oficial obra civil',NULL,NULL,'Oficial de obra civil, herrería, carpintería.',NULL,'2019-10-25 15:29:51','2019-10-25 15:29:51'),(2,'1063145863','Ayudante térmico',NULL,NULL,'Ayudante de obra civil, ayudante  técnico soldadura, ayudante de herrería, ayudante de sandblasting, ayudante de pintura.',NULL,'2019-10-25 15:29:51','2019-10-25 15:29:51'),(3,'1143357542','Ayudante de obra civil,  herrero',NULL,NULL,'Ayudante de obra civil, ayudante térmico, ayudante de herrería, ayudante de pintura.',NULL,'2019-10-25 15:29:51','2019-10-25 15:29:51'),(4,'73353081','',NULL,NULL,'Conductor, ayudante técnico, soldadura, ayudante de obra civil, operador de montacargas.',NULL,'2019-10-25 15:29:51','2019-10-25 15:29:51'),(5,'10882840','Metalmecánico',NULL,NULL,'Ayudante de obra civil, ayudante de herrería, ayudante de carpintería, esmerilador',NULL,'2019-10-25 15:29:51','2019-10-25 15:29:51'),(6,'73149997','Carpintería',NULL,NULL,'Carpintero, oficial de obra civil',NULL,'2019-10-25 15:29:51','2019-10-25 15:29:51'),(7,'92446381','Oficial civil',NULL,NULL,'Oficial de obra civil',NULL,'2019-10-25 15:29:51','2019-10-25 15:29:51'),(8,'1001971882','Oficial de obra civil',NULL,NULL,'Ayudante de obra civil, ayudante de herrería, ayudante de carpintería',NULL,'2019-10-25 15:29:51','2019-10-25 15:29:51'),(9,'1044938295','Oficial de obra civil',NULL,NULL,'Ayudante de obra civil.',NULL,'2019-10-25 15:29:51','2019-10-25 15:29:51'),(10,'9145269','',NULL,NULL,'Ayudante de mantenimiento de aire acondicionado, jardinero, aseo piscina, islero estación de gasolina, ayudante de obra civil, ayudante de pintura residencial.',NULL,'2019-10-25 15:29:51','2019-10-25 15:29:51'),(11,'9298786','Obra civil',NULL,NULL,'Ayudante de obra civil, ',NULL,'2019-10-25 15:29:51','2019-10-25 15:29:51'),(12,'73126905','Servicios generales',NULL,NULL,'Ayudante de obra civil, auxiliar de aseo y mantenimiento.',NULL,'2019-10-25 15:29:51','2019-10-25 15:29:51'),(13,'73163895','Oficial civil',NULL,NULL,'Oficial de obra civil, herrería, carpintería, ',NULL,'2019-10-25 15:29:51','2019-10-25 15:29:51'),(14,'1010048756','Oficial civil',NULL,NULL,'Ayudante oficial, ayudante de herrería, ayudante de carpintería.',NULL,'2019-10-25 15:29:51','2019-10-25 15:29:51'),(15,'1047493805','Oficial de obra civil',NULL,NULL,'Ayudante técnico de soldadura, ayudante de pintura, ayudante de obra civil, ayudante de carpintería, ayudante de herrería, paletero',NULL,'2019-10-25 15:29:51','2019-10-25 15:29:51'),(16,'12696000','',NULL,NULL,'Ayudante de obra civil',NULL,'2019-10-25 15:29:51','2019-10-25 15:29:51'),(17,'1122397450','',NULL,NULL,'Auxiliar de calidad',NULL,'2019-10-25 15:29:51','2019-10-25 15:29:51'),(18,'1010095706','',NULL,NULL,'Ayudante de obra civil, , minero artesanal',NULL,'2019-10-25 15:29:51','2019-10-25 15:29:51'),(19,'1003456280','Auxiliar de topografía',NULL,NULL,'Ayudante de obra civil, ayudante topografía',NULL,'2019-10-25 15:29:51','2019-10-25 15:29:51'),(20,'1140904902','',NULL,NULL,'Ayudante avanzado de obra civil, contador público, almacenista',NULL,'2019-10-25 15:29:51','2019-10-25 15:29:51'),(21,'1047477178','',NULL,NULL,'Ayudante de herrería, ayudante de obra civil. Ayudante de plomería',NULL,'2019-10-25 15:29:51','2019-10-25 15:29:51'),(22,'1143332008','',NULL,NULL,'Ayudante de obra civil, cotero',NULL,'2019-10-25 15:29:51','2019-10-25 15:29:51'),(23,'19517182','Oficial de obra civil, esmerilador',NULL,NULL,'Oficial de obra civil, ayudante de tubería, esmerilador, ayudante de soldadura y ayudante de pintura',NULL,'2019-10-25 15:29:51','2019-10-25 15:29:51'),(24,'73200610','',NULL,NULL,'Ayudante de obra civil, ayudante de soldadura, metalmecánica, tubería',NULL,'2019-10-25 15:29:51','2019-10-25 15:29:51'),(25,'1051451820','Ayudante de obra civil',NULL,NULL,'Ayudante de obra civil, ayudante de carpintería, ayudante de herrería',NULL,'2019-10-25 15:29:51','2019-10-25 15:29:51'),(26,'7959383','Oficial civil',NULL,NULL,'Oficial de obra civil, refractario, aislamiento térmico',NULL,'2019-10-25 15:29:51','2019-10-25 15:29:51'),(27,'1148196144','Seguridad privada',NULL,NULL,'Ayudante de obra civil, vigilancia privada',NULL,'2019-10-25 15:29:51','2019-10-25 15:29:51'),(28,'1051450727','',NULL,NULL,'Operador de montacargas, técnico. Soldadura, ayudante de obra civil',NULL,'2019-10-25 15:29:51','2019-10-25 15:29:51'),(29,'73831436','Obra civil',NULL,NULL,'Ayudante de obra civil, obrero a3',NULL,'2019-10-25 15:29:51','2019-10-25 15:29:51'),(30,'1143376640','Pintor',NULL,NULL,'Ayudante de pintura. Ayudante de obra civil',NULL,'2019-10-25 15:29:51','2019-10-25 15:29:51'),(31,'1051448080','',NULL,NULL,'Ayudante de obra civil, cadenero, ayudante de impermeabilización',NULL,'2019-10-25 15:29:51','2019-10-25 15:29:51'),(32,'1002490102','Ayudante  civil',NULL,NULL,'Ayudante de obra civil, ayudante de pintura, ayudante de herrería, ',NULL,'2019-10-25 15:29:51','2019-10-25 15:29:51'),(33,'73205731','Técnico en soldadura, mecánica diésel',NULL,NULL,'Ayudante de obra civil, esmerilador, técnico, refractaria.',NULL,'2019-10-25 15:29:51','2019-10-25 15:29:51'),(34,'73350182','Metalmecánico, albañil',NULL,NULL,'Metalmecánico, ayudante técnico de soldadura.',NULL,'2019-10-25 15:29:51','2019-10-25 15:29:51'),(35,'1047478175','Operador de maquinaria pesada',NULL,NULL,'Operador de excavadora',NULL,'2019-10-25 15:29:51','2019-10-25 15:29:51'),(36,'1143379986','Operador múltiple de maquinaria pesada',NULL,NULL,'Operador de maquinaria pesada',NULL,'2019-10-25 15:29:51','2019-10-25 15:29:51'),(37,'1235039118','Ayudante avanzado',NULL,NULL,'Ayudante de obra civil, armador, ayudante de carpintería, ayudante de mampostería',NULL,'2019-10-25 15:29:51','2019-10-25 15:29:51'),(38,'1047450060','Ayudante eléctrico, ayudante civil',NULL,NULL,'Herrero, ayudante eléctrico domiciliario, ayudante obra civil, operador de montacargas.',NULL,'2019-10-25 15:29:51','2019-10-25 15:29:51'),(39,'73593705','Obra civil',NULL,NULL,'Oficial de obra civil, andamiero, operador de vibro compactador,',NULL,'2019-10-25 15:29:51','2019-10-25 15:29:51'),(40,'73568783','Oficios varios',NULL,NULL,'Ayudante obra civil, ',NULL,'2019-10-25 15:29:51','2019-10-25 15:29:51'),(41,'73146680','Obra civil',NULL,NULL,'Ayudante obra civil',NULL,'2019-10-25 15:29:51','2019-10-25 15:29:51'),(42,'1002442773','Obra civil, montajes',NULL,NULL,'Ayudante técnico tubería, montador, ayudante obra civil.,',NULL,'2019-10-25 15:29:51','2019-10-25 15:29:51'),(43,'1048943671','',NULL,NULL,'Ayudante obra civil',NULL,'2019-10-25 15:29:51','2019-10-25 15:29:51'),(44,'72167462','Soldador',NULL,NULL,'Soldador, pailero.',NULL,'2019-10-25 15:29:51','2019-10-25 15:29:51'),(45,'1043307080','',NULL,NULL,'Oficial obra civil, herrero, carpintero, plomero, acabado.',NULL,'2019-10-25 15:29:51','2019-10-25 15:29:51'),(46,'1002185480','',NULL,NULL,'Ayudante obra civil, ayudante de pintura',NULL,'2019-10-25 15:29:51','2019-10-25 15:29:51'),(47,'1001804427','',NULL,NULL,'Ayudante obra civil',NULL,'2019-10-25 15:29:51','2019-10-25 15:29:51'),(48,'1051443720','Técnico en tuberías',NULL,NULL,'Esmerilador, ayudante obra civil, ayudante técnico de tubería, pailero, soldador estructural.',NULL,'2019-10-25 15:29:51','2019-10-25 15:29:51'),(49,'1193581652','',NULL,NULL,'Ayudante soldador, pintor industrial, ayudante obra civil, ayudante carpintería, ayudante herrería, ',NULL,'2019-10-25 15:29:51','2019-10-25 15:29:51'),(50,'1003189035','',NULL,NULL,'Ayudante obra civil, ',NULL,'2019-10-25 15:29:51','2019-10-25 15:29:51'),(51,'77162309','',NULL,NULL,'Trabajado en altura, espacio confinado, andamiero, impermeabilizador, pintura',NULL,'2019-10-25 15:29:51','2019-10-25 15:29:51'),(52,'73195666','',NULL,NULL,'Ayudante obra civil, ayudante plomería, ayudante carpintería, ayudante herrería',NULL,'2019-10-25 15:29:51','2019-10-25 15:29:51'),(53,'1047395074','Técnico metalista, esmerilador',NULL,NULL,'Esmerilador, ayudante técnico de metalmecánica.',NULL,'2019-10-25 15:29:51','2019-10-25 15:29:51'),(54,'73243070','Oficial de obra civil',NULL,NULL,'Oficial obra civil, enchape, pintura, herrero, estucador.',NULL,'2019-10-25 15:29:51','2019-10-25 15:29:51'),(55,'7959076','',NULL,NULL,'Ayudante obra civil',NULL,'2019-10-25 15:29:51','2019-10-25 15:29:51'),(56,'1148706743','Ayudante de obra civil',NULL,NULL,'Ayudante obra civil, técnico soldadura, ayudante herrería, pintura, carpintería',NULL,'2019-10-25 15:29:51','2019-10-25 15:29:51'),(57,'1052732744','Supervisor HSEQ ',NULL,NULL,'Supervisor HSEQ',NULL,'2019-10-25 15:29:51','2019-10-25 15:29:51'),(58,'1047405873','Albañil',NULL,NULL,'Oficial obra civil, ayudante técnico, plomería.',NULL,'2019-10-25 15:29:51','2019-10-25 15:29:51'),(59,'1050782327','',NULL,NULL,'Ayudante obra civil',NULL,'2019-10-25 15:29:51','2019-10-25 15:29:51'),(60,'1047403692','Operador logístico, operador de alimentos',NULL,NULL,'Ayudante obra civil, ayudante soldadura',NULL,'2019-10-25 15:29:51','2019-10-25 15:29:51'),(61,'1047486068','Ayudante de obra civil, ayudante de herrería',NULL,NULL,'Ayudante obra civil. Ayudante herrería, ayudante carpintería',NULL,'2019-10-25 15:29:51','2019-10-25 15:29:51'),(62,'1047388748','Operador de montacargas, oficios varios',NULL,NULL,'Ayudante de soldadura, ayudante de obra civil, operador montacargas, ',NULL,'2019-10-25 15:29:51','2019-10-25 15:29:51'),(63,'1120743747','',NULL,NULL,'Mampostero, oficial, formaleta metálica, herrero, electricista redes domésticas.',NULL,'2019-10-25 15:29:51','2019-10-25 15:29:51'),(64,'1001971881','',NULL,NULL,'Ayudante obra civil, ayudante herrería, ayudante carpintería',NULL,'2019-10-25 15:29:51','2019-10-25 15:29:51'),(65,'73154009','Maestro de obra ',NULL,NULL,'Oficial obra civil, supervisor obra civil, operador montacargas',NULL,'2019-10-25 15:29:51','2019-10-25 15:29:51'),(66,'1063122113','',NULL,NULL,'Oficial obra civil, herrero, carpintero, armador muro pantalla.',NULL,'2019-10-25 15:29:51','2019-10-25 15:29:51'),(67,'1050973854','',NULL,NULL,'Ayudante obra civil, técnico soldadura',NULL,'2019-10-25 15:29:51','2019-10-25 15:29:51'),(68,'9042928','',NULL,NULL,'Oficial obra civil, carpintero, herrero',NULL,'2019-10-25 15:29:51','2019-10-25 15:29:51'),(69,'1051450900','Técnico en soldadura, ayudante de obra civil',NULL,NULL,'Ayudante técnico soldadura, ayudante obra civil, ayudante herrería, ayudante pintura, ',NULL,'2019-10-25 15:29:51','2019-10-25 15:29:51'),(70,'1001937355','',NULL,NULL,'Ayudante obra civil, ayudante herrería, ayudante soldadura, ayudante carpintería.',NULL,'2019-10-25 15:29:51','2019-10-25 15:29:51'),(71,'1143385982','',NULL,NULL,'Refrigeración, ayudante de carga, ayudante obra civil, ayudante mampostería, ',NULL,'2019-10-25 15:29:51','2019-10-25 15:29:51'),(72,'84078545','',NULL,NULL,'Oficial obra civil, carpintería, plomero, herrería',NULL,'2019-10-25 15:29:51','2019-10-25 15:29:51'),(73,'1003456281','Ayudante de obra civil',NULL,NULL,'Ayudante obra civil, ',NULL,'2019-10-25 15:29:51','2019-10-25 15:29:51'),(74,'1063157492','',NULL,NULL,'Auxiliar mecánico, auxiliar soldadura, ayudante de obra civil',NULL,'2019-10-25 15:29:51','2019-10-25 15:29:51'),(75,'1001971883','',NULL,NULL,'Ayudante de obra civil, ayudante herrería, ayudante carpintería, ayudante eléctrico domiciliario',NULL,'2019-10-25 15:29:51','2019-10-25 15:29:51'),(76,'45549797','Técnico en seguridad ocupacional',NULL,NULL,'Ayudante de soldadura, ayudante de tubería, técnico, seguridad ocupacional, paletera, almacenista',NULL,'2019-10-25 15:29:51','2019-10-25 15:29:51'),(77,'1047374420','',NULL,NULL,'Auxiliar de oficios domésticos, cafetería, etiquetadora, paletera',NULL,'2019-10-25 15:29:51','2019-10-25 15:29:51'),(78,'73582755','Oficial civil',NULL,NULL,'Oficial de obra civil, carpintería, ayudante técnico, esmerilador',NULL,'2019-10-25 15:29:51','2019-10-25 15:29:51'),(79,'1143356900','',NULL,NULL,'Ayudante de carpintería, ayudante de herrería, ayudante de plomería.',NULL,'2019-10-25 15:29:51','2019-10-25 15:29:51'),(80,'1128047348','',NULL,NULL,'Ayudante de obra civil, herrería, carpintería, ',NULL,'2019-10-25 15:29:51','2019-10-25 15:29:51'),(81,'73142322','',NULL,NULL,'Oficial de obra civil,',NULL,'2019-10-25 15:29:51','2019-10-25 15:29:51'),(82,'1047413899','',NULL,NULL,'Operador de retroexcavadora sobre oruga',NULL,'2019-10-25 15:29:51','2019-10-25 15:29:51'),(83,'1044928356','Operador de maquinaria pesada',NULL,NULL,'Ayudante de obra civil, ayudante de herrería, ayudante de pintura, ayudante de soldadura',NULL,'2019-10-25 15:29:51','2019-10-25 15:29:51'),(84,'1047451033','',NULL,NULL,'Electricista, técnico. Mampostería, ayudante obra civil',NULL,'2019-10-25 15:29:51','2019-10-25 15:29:51'),(85,'1143365471','Ayudante de soldadura, ayudante de sistemas, obra civil',NULL,NULL,'Ayudante de obra civil, ayudante de soldadura, ayudante de sistemas',NULL,'2019-10-25 15:29:51','2019-10-25 15:29:51'),(86,'1047412795','Técnico en armador, técnico en montador, operador de marlif',NULL,NULL,'Pailero, esmerilador, montador, armador, ayudante de obra civil.',NULL,'2019-10-25 15:29:51','2019-10-25 15:29:51'),(87,'1047364560','Ayudante técnico de soldadura',NULL,NULL,'Ayudante de obra civil, ayudante técnico de soldadura, ayudante de mecánica',NULL,'2019-10-25 15:29:51','2019-10-25 15:29:51'),(88,'85446170','Obra civil ',NULL,NULL,'Ayudante obra civil, ayudante técnico de obra civil, conductor de montacargas',NULL,'2019-10-25 15:29:51','2019-10-25 15:29:51'),(89,'8981554','',NULL,NULL,'Ayudante de obra civil, ',NULL,'2019-10-25 15:29:51','2019-10-25 15:29:51'),(90,'1003456958','Soldador técnico',NULL,NULL,'Ayudante soldador, técnico en salud ocupacional, ayudante de obra civil, almacenista.',NULL,'2019-10-25 15:29:51','2019-10-25 15:29:51'),(91,'1002201542','',NULL,NULL,'Ayudante de obra civil, ',NULL,'2019-10-25 15:29:51','2019-10-25 15:29:51'),(92,'1049928127','',NULL,NULL,'Ayudante de obra civil, herrería, carpintería, ',NULL,'2019-10-25 15:29:51','2019-10-25 15:29:51'),(93,'1001967641','Obra civil',211,2111,'Ayudante de obra civil','1','2019-10-25 15:29:51','2019-10-25 15:29:51'),(94,'1143344079','',NULL,NULL,'Tecnología en sistemas de información','0','2019-10-25 15:29:51','2019-10-25 15:29:51'),(95,'1143368946','',NULL,NULL,'Tecnólogo en producción industrial',NULL,'2019-10-25 15:29:51','2019-10-25 15:29:51'),(96,'1051451387','Cooperario de lavado',NULL,NULL,'Ayudante de albañilería ',NULL,'2019-10-25 15:29:51','2019-10-25 15:29:51'),(97,'8980844','Ayudante de obra civil',NULL,NULL,'Oficios varios ',NULL,'2019-10-25 15:29:51','2019-10-25 15:29:51'),(98,'1001968340','',NULL,NULL,'Oficios varios ',NULL,'2019-10-25 15:29:51','2019-10-25 15:29:51'),(99,'111582182','Obrero',NULL,NULL,'Obrero',NULL,'2019-10-25 15:29:51','2019-10-25 15:29:51'),(100,'19890289','Obrero',NULL,NULL,'Obrero ',NULL,'2019-10-25 15:29:51','2019-10-25 15:29:51'),(101,'77184607','Oficial de obra civil',NULL,NULL,'Obrero',NULL,'2019-10-25 15:29:51','2019-10-25 15:29:51'),(102,'12594637','',NULL,NULL,'Albañil',NULL,'2019-10-25 15:29:51','2019-10-25 15:29:51'),(103,'73131866','Oficial de obra ',NULL,NULL,'Oficial de obra civil',NULL,'2019-10-25 15:29:51','2019-10-25 15:29:51'),(104,'19517557','Oficial de obra civil',NULL,NULL,'Oficial de obra civil',NULL,'2019-10-25 15:29:51','2019-10-25 15:29:51'),(105,'73143322','',NULL,NULL,'Maestro de obra ',NULL,'2019-10-25 15:29:51','2019-10-25 15:29:51'),(106,'85484388','Albañil',NULL,NULL,'Albañil',NULL,'2019-10-25 15:29:51','2019-10-25 15:29:51'),(107,'1143387109','',NULL,NULL,'Operador de planta, ingeniero de procesos',NULL,'2019-10-25 15:29:51','2019-10-25 15:29:51'),(108,'1047496644','Caja, recepción ',NULL,NULL,'Control de calidad',NULL,'2019-10-25 15:29:51','2019-10-25 15:29:51'),(109,'1051657679','',NULL,NULL,'Tecnólogo en sistemas de información, oficios varios ',NULL,'2019-10-25 15:29:51','2019-10-25 15:29:51'),(110,'1047375530','Vendedor ambulante',NULL,NULL,'Obrero',NULL,'2019-10-25 15:29:51','2019-10-25 15:29:51'),(111,'73185075','Ayudante de soldadura',NULL,NULL,'Ayudante de electricidad, ayudante de soldadura ',NULL,'2019-10-25 15:29:51','2019-10-25 15:29:51'),(112,'45510210','Jardinera',NULL,NULL,'Secretaria, jardinera',NULL,'2019-10-25 15:29:51','2019-10-25 15:29:51'),(113,'1002475665','Mecánica en mantenimiento industrial',NULL,NULL,'Mecánica en mantenimiento industrial',NULL,'2019-10-25 15:29:51','2019-10-25 15:29:51'),(114,'1047463159','Salud ocupacional',NULL,NULL,'Salud ocupacional',NULL,'2019-10-25 15:29:51','2019-10-25 15:29:51'),(115,'1143386652','Obrero, soldador',NULL,NULL,'',NULL,'2019-10-25 15:29:51','2019-10-25 15:29:51'),(116,'121235038507','',NULL,NULL,'Contabilidad sistematizada ',NULL,'2019-10-25 15:29:51','2019-10-25 15:29:51'),(117,'1143401851','',NULL,NULL,'Gestión empresarial',NULL,'2019-10-25 15:29:51','2019-10-25 15:29:51'),(118,'1099961866','Deportista',NULL,NULL,'Almacenamiento y bodega, carga y descarga ',NULL,'2019-10-25 15:29:51','2019-10-25 15:29:51'),(119,'1102866152','Estudiante',NULL,NULL,'Producción industrial',NULL,'2019-10-25 15:29:51','2019-10-25 15:29:51'),(120,'1143408739','',NULL,NULL,'Oficios varios ',NULL,'2019-10-25 15:29:51','2019-10-25 15:29:51'),(121,'1103109407','',NULL,NULL,'Tecnólogo en gestión naviera y portuaria',NULL,'2019-10-25 15:29:51','2019-10-25 15:29:51'),(122,'1047448479','',NULL,NULL,'Tecnología en seguridad e higiene ocupacional',NULL,'2019-10-25 15:29:51','2019-10-25 15:29:51'),(123,'1052066200','Oficial civil',NULL,NULL,'Andamiero, oficial civil',NULL,'2019-10-25 15:29:51','2019-10-25 15:29:51'),(124,'92187363','',NULL,NULL,'Oficios varios ',NULL,'2019-10-25 15:29:51','2019-10-25 15:29:51'),(125,'1143355772','Prácticas en argos',NULL,NULL,'Tecnología en producción industrial',NULL,'2019-10-25 15:29:51','2019-10-25 15:29:51'),(126,'1002202444','',NULL,NULL,'Técnica en recursos humanos',NULL,'2019-10-25 15:29:51','2019-10-25 15:29:51'),(127,'73161967','Obrero',NULL,NULL,'Obrero',NULL,'2019-10-25 15:29:51','2019-10-25 15:29:51'),(128,'1047442958','',NULL,NULL,'Obrero',NULL,'2019-10-25 15:29:51','2019-10-25 15:29:51'),(129,'73187214','Vendedor ambulante',NULL,NULL,'Oficios varios ',NULL,'2019-10-25 15:29:51','2019-10-25 15:29:51'),(130,'1047492144','',NULL,NULL,'Tecnólogo en electricidad industrial',NULL,'2019-10-25 15:29:51','2019-10-25 15:29:51'),(131,'1045527205','',NULL,NULL,'Oficios varios ',NULL,'2019-10-25 15:29:51','2019-10-25 15:29:51'),(132,'45561454','',NULL,NULL,'Auxiliar de enfermería',NULL,'2019-10-25 15:29:51','2019-10-25 15:29:51'),(133,'1047461824','Oficios varios',NULL,NULL,'Ayudante logístico',NULL,'2019-10-25 15:29:51','2019-10-25 15:29:51'),(134,'73593797','Plomería',NULL,NULL,'Plomero',NULL,'2019-10-25 15:29:51','2019-10-25 15:29:51'),(135,'1085008145','',NULL,NULL,'Tecnólogo en HSEQ',NULL,'2019-10-25 15:29:51','2019-10-25 15:29:51'),(136,'9155075','Esmerilador',NULL,NULL,'Metalmecánico, soldador de estructura',NULL,'2019-10-25 15:29:51','2019-10-25 15:29:51'),(137,'104866625','Operador de máquina de inyección',NULL,NULL,'Diseño metalmecánico con máquinas CSC, técnico en mantenimiento correctivo industrial con básico logístico',NULL,'2019-10-25 15:29:51','2019-10-25 15:29:51'),(138,'1143415235','',NULL,NULL,'Electricidad  industrial',NULL,'2019-10-25 15:29:51','2019-10-25 15:29:51'),(139,'1047412328','Manualidades, meseras',NULL,NULL,'Vigilante',NULL,'2019-10-25 15:29:51','2019-10-25 15:29:51'),(140,'45510429','Venta de comidas rápidas',NULL,NULL,'Oficios varios ',NULL,'2019-10-25 15:29:51','2019-10-25 15:29:51'),(141,'1003431920','',NULL,NULL,'',NULL,'2019-10-25 15:29:51','2019-10-25 15:29:51'),(142,'73549013','',NULL,NULL,'Guarda de seguridad',NULL,'2019-10-25 15:29:51','2019-10-25 15:29:51'),(143,'73353080','',NULL,NULL,'Oficios varios ',NULL,'2019-10-25 15:29:51','2019-10-25 15:29:51'),(144,'1043503017','',NULL,NULL,'Gestión logística',NULL,'2019-10-25 15:29:51','2019-10-25 15:29:51'),(145,'9292409','',NULL,NULL,'Soldador',NULL,'2019-10-25 15:29:51','2019-10-25 15:29:51'),(146,'1050949305','Conductor',NULL,NULL,'Conductor ( licencia de 5)',NULL,'2019-10-25 15:29:51','2019-10-25 15:29:51'),(147,'32939727','Vigilante',NULL,NULL,'Vigilante',NULL,'2019-10-25 15:29:51','2019-10-25 15:29:51'),(148,'1143363578','',NULL,NULL,'Almacenista',NULL,'2019-10-25 15:29:51','2019-10-25 15:29:51'),(149,'1041976314','Cotero',NULL,NULL,'Oficios varios ',NULL,'2019-10-25 15:29:51','2019-10-25 15:29:51'),(150,'1002392757','Estudiante de emprendimiento',NULL,NULL,'Gastronomía',NULL,'2019-10-25 15:29:51','2019-10-25 15:29:51'),(151,'1143380448','Negocio independiente',NULL,NULL,'Auxiliar contable, secretariado',NULL,'2019-10-25 15:29:51','2019-10-25 15:29:51'),(152,'73151126','Conductor',NULL,NULL,'Conductor ( licencia de categoría c2)',NULL,'2019-10-25 15:29:51','2019-10-25 15:29:51'),(153,'1043645377','',NULL,NULL,'Gestión administrativa',NULL,'2019-10-25 15:29:51','2019-10-25 15:29:51'),(154,'1002203666','',NULL,NULL,'Salud ocupacional',NULL,'2019-10-25 15:29:51','2019-10-25 15:29:51'),(155,'1143377393','',NULL,NULL,'Gestión logística',NULL,'2019-10-25 15:29:51','2019-10-25 15:29:51'),(156,'1193568822','',NULL,NULL,'Oficios varios ',NULL,'2019-10-25 15:29:51','2019-10-25 15:29:51'),(157,'1047366018','',NULL,NULL,'Operador logístico, auxiliar de cocina',NULL,'2019-10-25 15:29:51','2019-10-25 15:29:51'),(158,'73577703','Operador de marlift',NULL,NULL,'Operador de marlif, aparejador de cargas',NULL,'2019-10-25 15:29:51','2019-10-25 15:29:51'),(159,'7886061','Operador de montacargas',NULL,NULL,'Operador de montacargas',NULL,'2019-10-25 15:29:51','2019-10-25 15:29:51'),(160,'1081912331','',NULL,NULL,'Ayudante de obra civil',NULL,'2019-10-25 15:29:51','2019-10-25 15:29:51'),(161,'1143346912','Oficios varios',NULL,NULL,'Obrero',NULL,'2019-10-25 15:29:51','2019-10-25 15:29:51'),(162,'1047468675','',NULL,NULL,'Tecnóloga en gestión logística ',NULL,'2019-10-25 15:29:51','2019-10-25 15:29:51'),(163,'30843889','',NULL,NULL,'Tecnóloga en procesamiento de alimentos ',NULL,'2019-10-25 15:29:51','2019-10-25 15:29:51'),(164,'73377361','',NULL,NULL,'Tecnólogo en HSEQ, obrero',NULL,'2019-10-25 15:29:51','2019-10-25 15:29:51'),(165,'1047510299','Oficios varios',NULL,NULL,'Oficios varios ',NULL,'2019-10-25 15:29:51','2019-10-25 15:29:51'),(166,'1047438276','',NULL,NULL,'Obrero',NULL,'2019-10-25 15:29:51','2019-10-25 15:29:51'),(167,'1047431288','',NULL,NULL,'Ayudante técnico, soldadura, mecánica, electricidad',NULL,'2019-10-25 15:29:51','2019-10-25 15:29:51'),(168,'73153143','',NULL,NULL,'Obrero',NULL,'2019-10-25 15:29:51','2019-10-25 15:29:51'),(169,'73431836','',NULL,NULL,'Ayudante de obra civil',NULL,'2019-10-25 15:29:51','2019-10-25 15:29:51'),(170,'1047459391','',NULL,NULL,'Obra blanca, obra civil',NULL,'2019-10-25 15:29:51','2019-10-25 15:29:51'),(171,'1001967507','',NULL,NULL,'Tecnóloga en mantenimiento de equipo de cómputo, diseño e instalaciones de redes y cableado estructurado',NULL,'2019-10-25 15:29:51','2019-10-25 15:29:51'),(172,'1052738227','',NULL,NULL,'Oficial de albañilería',NULL,'2019-10-25 15:29:51','2019-10-25 15:29:51'),(173,'1143406394','',NULL,NULL,'Oficios varios ',NULL,'2019-10-25 15:29:51','2019-10-25 15:29:51'),(174,'1126255133','',NULL,NULL,'Oficios varios ',NULL,'2019-10-25 15:29:51','2019-10-25 15:29:51'),(175,'1002200443','Operador, oficios varios',NULL,NULL,'Electromecánico, mecánico industrial',NULL,'2019-10-25 15:29:51','2019-10-25 15:29:51'),(176,'1041977669','',NULL,NULL,'Oficios varios ',NULL,'2019-10-25 15:29:51','2019-10-25 15:29:51'),(177,'1143399614','',NULL,NULL,'Guarda de seguridad',NULL,'2019-10-25 15:29:51','2019-10-25 15:29:51'),(178,'9204844','Oficial de obra civil',NULL,NULL,'Oficial de obra civil, plomería, electricidad, ebanistería, soldadura',NULL,'2019-10-25 15:29:51','2019-10-25 15:29:51'),(179,'1047388043','',NULL,NULL,'Soldadura, emprendimiento, oficios varios',NULL,'2019-10-25 15:29:51','2019-10-25 15:29:51'),(180,'1047382517','',NULL,NULL,'Ayudante técnico de soldadura ',NULL,'2019-10-25 15:29:51','2019-10-25 15:29:51'),(181,'1049936828','Oficios varios',NULL,NULL,'Ayudante técnico en soldadura y auxiliar eléctrico, oficios varios ',NULL,'2019-10-25 15:29:51','2019-10-25 15:29:51'),(182,'1047452937','',NULL,NULL,'Obrero',NULL,'2019-10-25 15:29:51','2019-10-25 15:29:51'),(183,'73113657','Oficios varios ',NULL,NULL,'Oficios varios ',NULL,'2019-10-25 15:29:51','2019-10-25 15:29:51'),(184,'1143391957','',NULL,NULL,'Oficios varios, técnico en sistemas ',NULL,'2019-10-25 15:29:51','2019-10-25 15:29:51'),(185,'1047470465','Control de calidad',NULL,NULL,'Tecnóloga en control de calidad',NULL,'2019-10-25 15:29:51','2019-10-25 15:29:51'),(186,'1143401723','',NULL,NULL,'Ayudante de soldadura ',NULL,'2019-10-25 15:29:51','2019-10-25 15:29:51'),(187,'9098207','',NULL,NULL,'Soldador, armador y montador ',NULL,'2019-10-25 15:29:51','2019-10-25 15:29:51'),(188,'1051450601','',NULL,NULL,'Técnica  en administración ',NULL,'2019-10-25 15:29:51','2019-10-25 15:29:51'),(189,'1082968674','',NULL,NULL,'Ayudante de soldadura, obrero ',NULL,'2019-10-25 15:29:51','2019-10-25 15:29:51'),(190,'1047382978','',NULL,NULL,'Control ambiental',NULL,'2019-10-25 15:29:51','2019-10-25 15:29:51'),(191,'9145861','Ayudante técnico en soldadura',NULL,NULL,'Ayudante técnico, andamiero, ayudante obra civil',NULL,'2019-10-25 15:29:51','2019-10-25 15:29:51'),(192,'1047417734','',NULL,NULL,'Electricidad industrial, oficial civil, técnico mantenimiento industrial',NULL,'2019-10-25 15:29:51','2019-10-25 15:29:51'),(193,'92533437','',NULL,NULL,'Diseñador de espacios arquitectónicos',NULL,'2019-10-25 15:29:51','2019-10-25 15:29:51'),(194,'1049826497','',NULL,NULL,'Mantenimiento electromecánico',NULL,'2019-10-25 15:29:51','2019-10-25 15:29:51'),(195,'1049826496','Oficios varios ',NULL,NULL,'Oficios varios',NULL,'2019-10-25 15:29:51','2019-10-25 15:29:51'),(196,'1051447435','',NULL,NULL,'Oficios varios',NULL,'2019-10-25 15:29:51','2019-10-25 15:29:51'),(197,'105095954','',NULL,NULL,'Ayudante técnico en soldadura y oficios varios ',NULL,'2019-10-25 15:29:51','2019-10-25 15:29:51'),(198,'1047505849','',NULL,NULL,'Oficios varios',NULL,'2019-10-25 15:29:51','2019-10-25 15:29:51'),(199,'1143370787','Armador soldador',NULL,NULL,'Soldadura, pailero, montador de estructura, pintor, gestión de recursos humanos, mecánico maquinaria industrial',NULL,'2019-10-25 15:29:51','2019-10-25 15:29:51'),(200,'1051451374','',NULL,NULL,'Pintor, oficios varios',NULL,'2019-10-25 15:29:51','2019-10-25 15:29:51'),(201,'1007206213','',NULL,NULL,'Oficios varios',NULL,'2019-10-25 15:29:51','2019-10-25 15:29:51'),(202,'1047447258','',NULL,NULL,'Oficios varios',NULL,'2019-10-25 15:29:51','2019-10-25 15:29:51'),(203,'1033774698','',NULL,NULL,'Asesora comercial, auxiliar de acondicionamiento',NULL,'2019-10-25 15:29:51','2019-10-25 15:29:51'),(204,'1007206186','',NULL,NULL,'Cocinera, mesera, cajera',NULL,'2019-10-25 15:29:51','2019-10-25 15:29:51'),(205,'9044301','Oficios varios',NULL,NULL,'Oficios varios',NULL,'2019-10-25 15:29:51','2019-10-25 15:29:51'),(206,'1101872205','',NULL,NULL,'Oficios varios',NULL,'2019-10-25 15:29:51','2019-10-25 15:29:51'),(207,'1045713384','Vigilante',NULL,NULL,'Oficios varios',NULL,'2019-10-25 15:29:51','2019-10-25 15:29:51'),(208,'1143375658','Soldador',NULL,NULL,'Soldador ,esmerilador',NULL,'2019-10-25 15:29:51','2019-10-25 15:29:51'),(209,'64525028','Trabajadora domestica',NULL,NULL,'Oficios varios',NULL,'2019-10-25 15:29:51','2019-10-25 15:29:51'),(210,'1007710879','',NULL,NULL,'Oficios varios',NULL,'2019-10-25 15:29:51','2019-10-25 15:29:51'),(211,'1047412880','Operador de maquinaria pesada',NULL,NULL,'Esmerilador, montador, auxiliar técnico, operador retro cargador, conductor (licencia c1), técnico en control de calidad (prácticas)',NULL,'2019-10-25 15:29:51','2019-10-25 15:29:51'),(212,'1079659323','',NULL,NULL,'Ayudante técnico en soldadura, ayudante de esmerilador, almacenista, auxiliar de entrega, auxiliar de bodega, excavador, auxiliar contable',NULL,'2019-10-25 15:29:51','2019-10-25 15:29:51'),(213,'1143364128','Pintor samblastero',NULL,NULL,'Pintor, montador , armador metal metálico, esmerilador, conductor (licencia c1)',NULL,'2019-10-25 15:29:51','2019-10-25 15:29:51'),(214,'1143411906','',NULL,NULL,'Psicología',NULL,'2019-10-25 15:29:51','2019-10-25 15:29:51'),(215,'1051451614','',NULL,NULL,'Ayudante de bodega, oficios varios',NULL,'2019-10-25 15:29:51','2019-10-25 15:29:51'),(216,'1002388016','',NULL,NULL,'Soldador, oficial de obra civil, ayudante de metalmecánica, plomero, auxiliar logístico, ayudante eléctrico, auxiliar de pintura',NULL,'2019-10-25 15:29:51','2019-10-25 15:29:51'),(217,'78747852','',NULL,NULL,'Estibador, guadañador, capataz de finca, oficios varios',NULL,'2019-10-25 15:29:51','2019-10-25 15:29:51'),(218,'33358652','',NULL,NULL,'Oficios varios',NULL,'2019-10-25 15:29:51','2019-10-25 15:29:51'),(219,'30855460','',NULL,NULL,'Auxiliar de servicios generales',NULL,'2019-10-25 15:29:51','2019-10-25 15:29:51'),(220,'1143407002','',NULL,NULL,'Control de calidad de alimentos',NULL,'2019-10-25 15:29:51','2019-10-25 15:29:51'),(221,'1002204239','',NULL,NULL,'Oficios varios ',NULL,'2019-10-25 15:29:51','2019-10-25 15:29:51'),(222,'1148207443','Guarde de seguridad',NULL,NULL,'Técnico en seguridad industrial, manejador canino',NULL,'2019-10-25 15:29:51','2019-10-25 15:29:51'),(223,'70526790','',NULL,NULL,'Oficial de obra civil',NULL,'2019-10-25 15:29:51','2019-10-25 15:29:51'),(224,'73166565','Albañil',NULL,NULL,'Soldador, ayudante adelantado de albañilería',NULL,'2019-10-25 15:29:51','2019-10-25 15:29:51'),(225,'12595569','Oficial de obra civil',NULL,NULL,'Oficial de obra civil',NULL,'2019-10-25 15:29:51','2019-10-25 15:29:51'),(226,'1001973966','',NULL,NULL,'',NULL,'2019-10-25 15:29:51','2019-10-25 15:29:51'),(227,'1235038561','Me considero una persona responsable, dinámica y creativa, con facilidad de trabajar en equipo y lograr las metas y objetivos trazados por la empresa.\ncon un desempeño en instalaciones de cámara, instalaciones de red, mantenimiento de cómputos.',NULL,NULL,'Tecnología en sistema y desarrollo de software ',NULL,'2019-10-25 15:29:51','2019-10-25 15:29:51'),(228,'1143383555','Ayudante de soldadura e instrumentación industrial',NULL,NULL,'Técnico en soldadura y tecnología automatismo industrial ',NULL,'2019-10-25 15:29:51','2019-10-25 15:29:51'),(229,'72175041','Albañil ',NULL,NULL,'Oficios varios ',NULL,'2019-10-25 15:29:51','2019-10-25 15:29:51'),(230,'9202332','Comerciante de objetos de uso diaria en el hogar',NULL,NULL,'Comerciante',NULL,'2019-10-25 15:29:51','2019-10-25 15:29:51'),(231,'45760452','No',NULL,NULL,'Cocinera',NULL,'2019-10-25 15:29:51','2019-10-25 15:29:51'),(232,'1143372393','No tiene ',NULL,NULL,'No tiene ',NULL,'2019-10-25 15:29:51','2019-10-25 15:29:51'),(233,'33254767','Seguridad vial',NULL,NULL,'Auxiliar de vía',NULL,'2019-10-25 15:29:51','2019-10-25 15:29:51'),(234,'1041974511','No',NULL,NULL,'No',NULL,'2019-10-25 15:29:51','2019-10-25 15:29:51'),(235,'73226303','Movimiento topográficos',NULL,NULL,'Cadenero auxiliar de topografía ',NULL,'2019-10-25 15:29:51','2019-10-25 15:29:51'),(236,'1143383506','Ayudante de obra en hornos industriales ',NULL,NULL,'Técnico en soldadura',NULL,'2019-10-25 15:29:51','2019-10-25 15:29:51'),(237,'26027467','Promover el desarrollo adecuado de la sociedad',NULL,NULL,'Gestora social',NULL,'2019-10-25 15:29:51','2019-10-25 15:29:51'),(238,'9098318','Dar procesos industriales ',NULL,NULL,'Técnico en procesamiento industrial ',NULL,'2019-10-25 15:29:51','2019-10-25 15:29:51'),(239,'1070815753','Fundida de tubo',NULL,NULL,'Oficial de obra civil',NULL,'2019-10-25 15:29:51','2019-10-25 15:29:51'),(240,'1143397540','Mantenimiento de máquinas de gran envergadura',NULL,NULL,'Auxiliar mantenimiento maquinas industrial',NULL,'2019-10-25 15:29:51','2019-10-25 15:29:51'),(241,'1143411372','Operando maquinas',NULL,NULL,'Operador de monta carga',NULL,'2019-10-25 15:29:51','2019-10-25 15:29:51'),(242,'5134792','Malaquetero, pulidor de pisos',NULL,NULL,'Oficios varios ',NULL,'2019-10-25 15:29:51','2019-10-25 15:29:51'),(243,'1047459343','Manejo de diferentes oficios sencillos dentro de la empresa',NULL,NULL,'Oficios varios',NULL,'2019-10-25 15:29:51','2019-10-25 15:29:51'),(244,'45460530','',NULL,NULL,'',NULL,'2019-10-26 00:19:00','2019-10-26 00:19:00'),(245,'1070808609','Soldador ',NULL,NULL,'Ayudante técnico',NULL,'2019-10-25 15:29:51','2019-10-25 15:29:51'),(246,'9086093','Auxiliar de contabilidad ',NULL,NULL,'Contador mercantil ',NULL,'2019-10-25 15:29:51','2019-10-25 15:29:51'),(247,'73111145','Comercio con diferentes productos de primera mano',NULL,NULL,'Comerciante',NULL,'2019-10-25 15:29:51','2019-10-25 15:29:51'),(248,'1052074378','Hogar ',NULL,NULL,'Ama de casa ',NULL,'2019-10-25 15:29:51','2019-10-25 15:29:51'),(249,'1051445576','Logística, albañil',NULL,NULL,'Oficios varios ',NULL,'2019-10-25 15:29:51','2019-10-25 15:29:51'),(250,'1143408731','Limpieza y mantenimiento de zonas comunes',NULL,NULL,'Oficios varios',NULL,'2019-10-25 15:29:51','2019-10-25 15:29:51'),(251,'10143395093','Vigilante',NULL,NULL,'Vigilancia',NULL,'2019-10-25 15:29:51','2019-10-25 15:29:51'),(252,'1002388018','Ayudante técnico en soldadura',NULL,NULL,'Auxiliar técnico en soldadura',NULL,'2019-10-25 15:29:51','2019-10-25 15:29:51'),(253,'45523133','',NULL,NULL,'Empleada domestica',NULL,'2019-10-25 15:29:51','2019-10-25 15:29:51'),(254,'1047377580','Operario de guadaña y mantenimiento del jardín',211,2111,'Lorem ipsum dolor sit amet, consectetur adipiscing elit. Nulla eget aliquet nisl. Fusce vel mollis justo, eu accumsan urna. Integer laoreet, orci id lobortis mattis, magna massa efficitur ligula, ultr','1','2019-10-25 15:29:51','2019-10-25 15:29:51'),(257,'1143344079','Escritor',211,2111,'Lorem ipsum dolor sit amet, consectetur adipiscing elit. Nulla eget aliquet nisl. Fusce vel mollis justo, eu accumsan urna. Integer laoreet, orci id lobortis mattis, magna massa efficitur ligula, ultr','1',NULL,NULL);

UNLOCK TABLES;

/*Table structure for table `persona_experiencia_profesional` */

DROP TABLE IF EXISTS `persona_experiencia_profesional`;

CREATE TABLE `persona_experiencia_profesional` (
  `cod_ep` int(11) NOT NULL AUTO_INCREMENT,
  `id` varchar(60) NOT NULL,
  `nomb_empresa` varchar(300) DEFAULT NULL COMMENT 'Nombre de la empresa donde laboró',
  `cargo` varchar(300) DEFAULT NULL COMMENT 'Cargo que desempeñó durante el tiempo que laboró',
  `funciones` varchar(300) DEFAULT NULL COMMENT 'Funciones que desarrollo durante el tiempo que laboró',
  `fecha_ini` date DEFAULT NULL COMMENT 'Fecha en la que inicio a laborar',
  `fecha_fin` date DEFAULT NULL COMMENT 'Fecha en la que cuminó labores',
  `created_at` datetime DEFAULT NULL,
  `updated_at` datetime DEFAULT NULL,
  PRIMARY KEY (`cod_ep`),
  KEY `FK_persona_experiencia_profesional_persona` (`id`),
  CONSTRAINT `FK_persona_experiencia_profesional_persona` FOREIGN KEY (`id`) REFERENCES `persona` (`id`) ON DELETE CASCADE ON UPDATE CASCADE
) ENGINE=InnoDB AUTO_INCREMENT=256 DEFAULT CHARSET=utf8;

/*Data for the table `persona_experiencia_profesional` */

LOCK TABLES `persona_experiencia_profesional` WRITE;

insert  into `persona_experiencia_profesional`(`cod_ep`,`id`,`nomb_empresa`,`cargo`,`funciones`,`fecha_ini`,`fecha_fin`,`created_at`,`updated_at`) values (1,'73154493','Velásquez y Construcciones Contratista','Oficial Civil','',NULL,NULL,'2019-10-25 15:29:51','2019-10-25 15:29:51'),(2,'1063145863','INCOM - Ingeniería Completa LTDA','Ayudante térmico','','2018-10-01','2018-12-20','2019-10-25 15:29:51','2019-10-25 15:29:51'),(3,'1143357542','Asesorías y Construcciones  Contratista','Ayudante de obra civil','',NULL,NULL,'2019-10-25 15:29:51','2019-10-25 15:29:51'),(4,'73353081','','','',NULL,NULL,'2019-10-25 15:29:51','2019-10-25 15:29:51'),(5,'10882840','Asesorías y Construcciones S.A','Ayudante técnico.','','1996-01-05',NULL,'2019-10-25 15:29:51','2019-10-25 15:29:51'),(6,'73149997','Asesorías y Construcciones S.A','Oficial de obra Civil','','2019-06-19',NULL,'2019-10-25 15:29:51','2019-10-25 15:29:51'),(7,'92446381','Friocol S.A.S.','Obrero civil','','2018-11-05','2019-05-01','2019-10-25 15:29:51','2019-10-25 15:29:51'),(8,'1001971882','Instalaciones AYD','Instalador ','','2019-01-07','2019-07-01','2019-10-25 15:29:51','2019-10-25 15:29:51'),(9,'1044938295','Telmacom Ltda.','Obrero','',NULL,NULL,'2019-10-25 15:29:51','2019-10-25 15:29:51'),(10,'9145269','','','',NULL,NULL,'2019-10-25 15:29:51','2019-10-25 15:29:51'),(11,'9298786','Soletanche Bachy Cimas S.A.S.','Ayudante de obra ','',NULL,NULL,'2019-10-25 15:29:51','2019-10-25 15:29:51'),(12,'73126905','Sodexo S.A.S ','Servicios Generales','',NULL,'2018-09-17','2019-10-25 15:29:51','2019-10-25 15:29:51'),(13,'73163895','ABOCOL MP. ','Oficial Civil','','2017-03-03','2017-07-15','2019-10-25 15:29:51','2019-10-25 15:29:51'),(14,'1010048756','Asesorías y Construcciones S.A','Ayudante Adelantado','',NULL,'2017-01-01','2019-10-25 15:29:51','2019-10-25 15:29:51'),(15,'1047493805','Contruhs S.A.S. ','Ayudante de obra civil','','2017-02-09',NULL,'2019-10-25 15:29:51','2019-10-25 15:29:51'),(16,'12696000','','','',NULL,NULL,'2019-10-25 15:29:51','2019-10-25 15:29:51'),(17,'1051451387','','','',NULL,NULL,'2019-10-25 15:29:51','2019-10-25 15:29:51'),(18,'1122397450','','','',NULL,NULL,'2019-10-25 15:29:51','2019-10-25 15:29:51'),(19,'1010095706','Promotora ACR S.A.S','Topógrafo','','2017-05-04',NULL,'2019-10-25 15:29:51','2019-10-25 15:29:51'),(20,'1003456280','','','',NULL,NULL,'2019-10-25 15:29:51','2019-10-25 15:29:51'),(21,'1140904902','','','',NULL,NULL,'2019-10-25 15:29:51','2019-10-25 15:29:51'),(22,'1047477178','','','',NULL,NULL,'2019-10-25 15:29:51','2019-10-25 15:29:51'),(23,'1143332008','C y R  Construcciones ','Obra Civil','','2019-02-06',NULL,'2019-10-25 15:29:51','2019-10-25 15:29:51'),(24,'19517182','','','',NULL,NULL,'2019-10-25 15:29:51','2019-10-25 15:29:51'),(25,'73200610','','Ayudante de Obra civil','',NULL,NULL,'2019-10-25 15:29:51','2019-10-25 15:29:51'),(26,'1051451820','Ismocol S.A','Oficial de obras Civil','Gaviones, Saca Suelos','2019-02-22',NULL,'2019-10-25 15:29:51','2019-10-25 15:29:51'),(27,'7959383','Seguridad Gimanel LTDA ','vigilante','','2019-02-23',NULL,'2019-10-25 15:29:51','2019-10-25 15:29:51'),(28,'1148196144','','','',NULL,NULL,'2019-10-25 15:29:51','2019-10-25 15:29:51'),(29,'1051450727','CYR Arquitectos S.A.S. ','Ayudante de Obra Civil','',NULL,NULL,'2019-10-25 15:29:51','2019-10-25 15:29:51'),(30,'73831436','Ingemetales Y Pinturas Ltda.','Pintor','',NULL,NULL,'2019-10-25 15:29:51','2019-10-25 15:29:51'),(31,'1143376640','','','',NULL,NULL,'2019-10-25 15:29:51','2019-10-25 15:29:51'),(32,'1051448080','Consultora O.M.R','Ayudante Obra Civil','Maquinaria Pesada',NULL,NULL,'2019-10-25 15:29:51','2019-10-25 15:29:51'),(33,'1002490102','Cushman & Wakefield','Mantenimiento en general','Seguridad Industrial','2018-11-19',NULL,'2019-10-25 15:29:51','2019-10-25 15:29:51'),(34,'73205731','CBI','Ayudante de Soldadura y Tuberías','',NULL,NULL,'2019-10-25 15:29:51','2019-10-25 15:29:51'),(35,'73350182','Ismocol S.A','Operador de Excavadora','Maquinaria Pesada','2018-10-09','2019-03-22','2019-10-25 15:29:51','2019-10-25 15:29:51'),(36,'1047478175','Agromarino','Operador múltiple','pajaritas, Maquinaria Pesada','2018-11-28','2006-06-22','2019-10-25 15:29:51','2019-10-25 15:29:51'),(37,'1143379986','Miguel Velásquez Contratista.','Albañilería, Carpintería','Armar Formaletas para fundir columnas',NULL,'2018-12-23','2019-10-25 15:29:51','2019-10-25 15:29:51'),(38,'1235039118','Aba Construcción','Ayudante Civil.','Logros Varios',NULL,NULL,'2019-10-25 15:29:51','2019-10-25 15:29:51'),(39,'1047450060','Montínpro','Oficial de obra civil','Capataz','2017-09-18',NULL,'2019-10-25 15:29:51','2019-10-25 15:29:51'),(40,'33254767','Bolsa de Empleo ASI','Mantenimiento general','Ninguno',NULL,NULL,'2019-10-25 15:29:51','2019-10-25 15:29:51'),(41,'73593705','CBI','Latonero, Obrero','',NULL,NULL,'2019-10-25 15:29:51','2019-10-25 15:29:51'),(42,'73568783','Ismocol S.A','Obrero','Obrero',NULL,'2019-01-01','2019-10-25 15:29:51','2019-10-25 15:29:51'),(43,'73146680','','','',NULL,NULL,'2019-10-25 15:29:51','2019-10-25 15:29:51'),(44,'1002442773','Buques y Construcciones del Caribe','Soldador','Soldador','2019-04-01','2019-05-16','2019-10-25 15:29:51','2019-10-25 15:29:51'),(45,'1048943671','','','',NULL,NULL,'2019-10-25 15:29:51','2019-10-25 15:29:51'),(46,'72167462','','','',NULL,NULL,'2019-10-25 15:29:51','2019-10-25 15:29:51'),(47,'1043307080','','','',NULL,NULL,'2019-10-25 15:29:51','2019-10-25 15:29:51'),(48,'1002185480','Cementera Argos ','Soldador','',NULL,NULL,'2019-10-25 15:29:51','2019-10-25 15:29:51'),(49,'1001804427','','','',NULL,NULL,'2019-10-25 15:29:51','2019-10-25 15:29:51'),(50,'1051443720','','','',NULL,NULL,'2019-10-25 15:29:51','2019-10-25 15:29:51'),(51,'1193581652','','','',NULL,NULL,'2019-10-25 15:29:51','2019-10-25 15:29:51'),(52,'1003189035','','','',NULL,NULL,'2019-10-25 15:29:51','2019-10-25 15:29:51'),(53,'77162309','Ismocol S.A','Esmerilador','',NULL,'2018-08-23','2019-10-25 15:29:51','2019-10-25 15:29:51'),(54,'73195666','Ingenal – Arquitectura & Construcción','Enchapador','Capacitaciones',NULL,NULL,'2019-10-25 15:29:51','2019-10-25 15:29:51'),(55,'1047395074','','','',NULL,NULL,'2019-10-25 15:29:51','2019-10-25 15:29:51'),(56,'73243070','Obra civil','','Carpintería',NULL,NULL,'2019-10-25 15:29:51','2019-10-25 15:29:51'),(57,'7959076','Dimar ','Supervisor HSEQ','Supervisor HSE','2018-11-25',NULL,'2019-10-25 15:29:51','2019-10-25 15:29:51'),(58,'1148706743','Montecz S.A','Obrero, Ayudante Técnico.','Primeros Auxilios, Trabajos en altura',NULL,NULL,'2019-10-25 15:29:51','2019-10-25 15:29:51'),(59,'1052732744','','','',NULL,NULL,'2019-10-25 15:29:51','2019-10-25 15:29:51'),(60,'1047405873','Pasabocas Patty S.A.S','Operador de Alimentos','Empacado y sellado',NULL,NULL,'2019-10-25 15:29:51','2019-10-25 15:29:51'),(61,'1050782327','G.M.P Ingeniero S.A.S','Ayudante de Herrería, Obra civil','','2017-01-18','2017-12-01','2019-10-25 15:29:51','2019-10-25 15:29:51'),(62,'1047403692','Promotora I.C S.A.S','Limpiador de Silos','',NULL,NULL,'2019-10-25 15:29:51','2019-10-25 15:29:51'),(63,'1047486068','','','',NULL,NULL,'2019-10-25 15:29:51','2019-10-25 15:29:51'),(64,'1047388748','','','',NULL,NULL,'2019-10-25 15:29:51','2019-10-25 15:29:51'),(65,'1120743747','Ismocol S.A.','Montacargas, Instalación de tuberías','',NULL,NULL,'2019-10-25 15:29:51','2019-10-25 15:29:51'),(66,'1001971881','','','',NULL,NULL,'2019-10-25 15:29:51','2019-10-25 15:29:51'),(67,'73154009','','','',NULL,NULL,'2019-10-25 15:29:51','2019-10-25 15:29:51'),(68,'1063122113','','','',NULL,NULL,'2019-10-25 15:29:51','2019-10-25 15:29:51'),(69,'1050973854','Provegan S.A','Empacador','',NULL,NULL,'2019-10-25 15:29:51','2019-10-25 15:29:51'),(70,'9042928','','','',NULL,NULL,'2019-10-25 15:29:51','2019-10-25 15:29:51'),(71,'1051450900','','','',NULL,NULL,'2019-10-25 15:29:51','2019-10-25 15:29:51'),(72,'1001937355','','','',NULL,NULL,'2019-10-25 15:29:51','2019-10-25 15:29:51'),(73,'1143385982','Hs Construcciones E Ingeniería','Ayudante de obra civil','','2017-03-09','2017-12-26','2019-10-25 15:29:51','2019-10-25 15:29:51'),(74,'84078545','','','',NULL,NULL,'2019-10-25 15:29:51','2019-10-25 15:29:51'),(75,'1003456281','','','',NULL,NULL,'2019-10-25 15:29:51','2019-10-25 15:29:51'),(76,'1063157492','Fogon Suaitano','Cajera','',NULL,NULL,'2019-10-25 15:29:51','2019-10-25 15:29:51'),(77,'1001971883','','','',NULL,NULL,'2019-10-25 15:29:51','2019-10-25 15:29:51'),(78,'45549797','Movicon S.A','Oficial Civil','',NULL,NULL,'2019-10-25 15:29:51','2019-10-25 15:29:51'),(79,'1047374420','','','',NULL,NULL,'2019-10-25 15:29:51','2019-10-25 15:29:51'),(80,'73582755','','','',NULL,NULL,'2019-10-25 15:29:51','2019-10-25 15:29:51'),(81,'1143356900','','','',NULL,NULL,'2019-10-25 15:29:51','2019-10-25 15:29:51'),(82,'1128047348','','','',NULL,NULL,'2019-10-25 15:29:51','2019-10-25 15:29:51'),(83,'73142322','Comercial de empaque','Operador de montacargas','',NULL,NULL,'2019-10-25 15:29:51','2019-10-25 15:29:51'),(84,'1047413899','','','',NULL,NULL,'2019-10-25 15:29:51','2019-10-25 15:29:51'),(85,'1044928356','Argos','Auxiliar de Mantenimiento','Trabajo en altura, Espacios Confinados','2015-10-01','2017-09-01','2019-10-25 15:29:51','2019-10-25 15:29:51'),(86,'1047451033','MM. Proyectos .S.A.S','Montador y Operador de Marlif','','2019-03-20','2019-05-20','2019-10-25 15:29:51','2019-10-25 15:29:51'),(87,'1143365471','Ismocol S.A','Ayudante de soldadura','','2018-09-18',NULL,'2019-10-25 15:29:51','2019-10-25 15:29:51'),(88,'1047412795','Ismocol S.A.','Obra Civil','','2019-01-25',NULL,'2019-10-25 15:29:51','2019-10-25 15:29:51'),(89,'1047364560','','','',NULL,NULL,'2019-10-25 15:29:51','2019-10-25 15:29:51'),(90,'85446170','PROMOTORA ACR S.A.S','Soldador','','2018-01-15',NULL,'2019-10-25 15:29:51','2019-10-25 15:29:51'),(91,'8981554','','','',NULL,NULL,'2019-10-25 15:29:51','2019-10-25 15:29:51'),(92,'1003456958','','','',NULL,NULL,'2019-10-25 15:29:51','2019-10-25 15:29:51'),(93,'1002201542','','','',NULL,NULL,'2019-10-25 15:29:51','2019-10-25 15:29:51'),(94,'1049928127','','','',NULL,NULL,'2019-10-25 15:29:51','2019-10-25 15:29:51'),(95,'1001967641','','','',NULL,NULL,'2019-10-25 15:29:51','2019-10-25 15:29:51'),(96,'1143344079','MCI Cartagena','','',NULL,NULL,'2019-10-25 15:29:51','2019-10-25 15:29:51'),(97,'1143368946','Ismocol S.A.','Ayudante técnico','',NULL,'2018-12-23','2019-10-25 15:29:51','2019-10-25 15:29:51'),(98,'8980844','','','',NULL,NULL,'2019-10-25 15:29:51','2019-10-25 15:29:51'),(99,'1001968340','Consultores Ambientales Y Civiles S.A','Ayudante de topografía','',NULL,NULL,'2019-10-25 15:29:51','2019-10-25 15:29:51'),(100,'111582182',' Activos ( Bolsa De Empleo)','Mantenimiento en General','',NULL,'2013-12-05','2019-10-25 15:29:51','2019-10-25 15:29:51'),(101,'19890289','Headad Bogotá','Ensamblaje de tubos','Curso de Altura','2018-10-19','2018-12-02','2019-10-25 15:29:51','2019-10-25 15:29:51'),(102,'77184607','','','',NULL,NULL,'2019-10-25 15:29:51','2019-10-25 15:29:51'),(103,'12594637','Ecopetrol','Capataz de grupo','','2018-10-09','2018-12-30','2019-10-25 15:29:51','2019-10-25 15:29:51'),(104,'73131866','Civilco Constructora','Oficial de obra civil','Anclajes refractarios. Manipulación de Herramientas.',NULL,NULL,'2019-10-25 15:29:51','2019-10-25 15:29:51'),(105,'19517557','','','',NULL,NULL,'2019-10-25 15:29:51','2019-10-25 15:29:51'),(106,'73143322','Construcciones Anaya','Albañil','',NULL,NULL,'2019-10-25 15:29:51','2019-10-25 15:29:51'),(107,'85484388','','','',NULL,NULL,'2019-10-25 15:29:51','2019-10-25 15:29:51'),(108,'1143387109','Atunes de Colombia. S.A., A tiempo S.A.S.','Empacadora y verificadora','',NULL,'2018-06-01','2019-10-25 15:29:51','2019-10-25 15:29:51'),(109,'1047496644','','','',NULL,NULL,'2019-10-25 15:29:51','2019-10-25 15:29:51'),(110,'1051657679','HAPIL INGENIERIA','Obrero','Construcción',NULL,NULL,'2019-10-25 15:29:51','2019-10-25 15:29:51'),(111,'1047375530','Independiente','','',NULL,NULL,'2019-10-25 15:29:51','2019-10-25 15:29:51'),(112,'73185075','','','',NULL,NULL,'2019-10-25 15:29:51','2019-10-25 15:29:51'),(113,'45510210','','','',NULL,NULL,'2019-10-25 15:29:51','2019-10-25 15:29:51'),(114,'1002475665','Hogar Abejitas','Salud ocupacional','',NULL,NULL,'2019-10-25 15:29:51','2019-10-25 15:29:51'),(115,'1047463159','COTECMAR','Soldador 2','Soldador ','2015-02-15','2018-01-01','2019-10-25 15:29:51','2019-10-25 15:29:51'),(116,'1143386652','','','',NULL,NULL,'2019-10-25 15:29:51','2019-10-25 15:29:51'),(117,'121235038507','','','',NULL,NULL,'2019-10-25 15:29:51','2019-10-25 15:29:51'),(118,'1143401851','','','',NULL,NULL,'2019-10-25 15:29:51','2019-10-25 15:29:51'),(119,'1099961866','','','',NULL,NULL,'2019-10-25 15:29:51','2019-10-25 15:29:51'),(120,'1102866152','','','',NULL,NULL,'2019-10-25 15:29:51','2019-10-25 15:29:51'),(121,'1143408739','','','',NULL,NULL,'2019-10-25 15:29:51','2019-10-25 15:29:51'),(122,'1103109407','Movistar','Asesora Puerta a puerta','',NULL,NULL,'2019-10-25 15:29:51','2019-10-25 15:29:51'),(123,'1047448479','ASIC S.A','Ayudante Civil','',NULL,NULL,'2019-10-25 15:29:51','2019-10-25 15:29:51'),(124,'1052066200','Centro Aseo','Auxiliar de Mantenimiento','',NULL,NULL,'2019-10-25 15:29:51','2019-10-25 15:29:51'),(125,'92187363','ARGOS','Área de empaque','','2019-06-17',NULL,'2019-10-25 15:29:51','2019-10-25 15:29:51'),(126,'1143355772','','','',NULL,NULL,'2019-10-25 15:29:51','2019-10-25 15:29:51'),(127,'1002202444','Sodexo S.A','Auxiliar de Mantenimiento','Montacargas','2005-10-18','2018-10-18','2019-10-25 15:29:51','2019-10-25 15:29:51'),(128,'73161967','C Y R  S.A.S Cartagena','Obrero','',NULL,NULL,'2019-10-25 15:29:51','2019-10-25 15:29:51'),(129,'1047442958','Sodexo S.A','Auxiliar de Mantenimiento','Seguridad Industrial, Salud Ocupacional','2010-07-24','2013-12-19','2019-10-25 15:29:51','2019-10-25 15:29:51'),(130,'73187214','Mexichem','Mantenimiento Eléctrico','','2018-06-21','2018-12-20','2019-10-25 15:29:51','2019-10-25 15:29:51'),(131,'1047492144','','','',NULL,NULL,'2019-10-25 15:29:51','2019-10-25 15:29:51'),(132,'1045527205','','','',NULL,NULL,'2019-10-25 15:29:51','2019-10-25 15:29:51'),(133,'45561454','Alejandro Muñoz Carga y descargas Portuarias ','Oficios Varios','',NULL,NULL,'2019-10-25 15:29:51','2019-10-25 15:29:51'),(134,'1047461824','Artimfer Bogotá','Plomero','',NULL,'2017-08-10','2019-10-25 15:29:51','2019-10-25 15:29:51'),(135,'73593797','Interservice S.A  ','Auxiliar HSEQ','',NULL,NULL,'2019-10-25 15:29:51','2019-10-25 15:29:51'),(136,'1085008145','Ismocol S.A','Esmerilador','','2018-09-10',NULL,'2019-10-25 15:29:51','2019-10-25 15:29:51'),(137,'9155075','Granuplas S.A','Operador de máquina de inyección','','2018-11-10',NULL,'2019-10-25 15:29:51','2019-10-25 15:29:51'),(138,'104866625','','','',NULL,NULL,'2019-10-25 15:29:51','2019-10-25 15:29:51'),(139,'1143415235','Restaurante el mesón verde','Mesera','','2017-09-20',NULL,'2019-10-25 15:29:51','2019-10-25 15:29:51'),(140,'1047412328','Ajover S.A','Empacadora','Operadora',NULL,NULL,'2019-10-25 15:29:51','2019-10-25 15:29:51'),(141,'45510429','ANDY Cartagena  ','','',NULL,NULL,'2019-10-25 15:29:51','2019-10-25 15:29:51'),(142,'1003431920','Antares LTDA','Guarda de seguridad','',NULL,'2018-10-13','2019-10-25 15:29:51','2019-10-25 15:29:51'),(143,'73549013','','','',NULL,NULL,'2019-10-25 15:29:51','2019-10-25 15:29:51'),(144,'73353080','Carboquimica S.A.S.','Auxiliar en logística ','6 meses de practica',NULL,NULL,'2019-10-25 15:29:51','2019-10-25 15:29:51'),(145,'1043503017','','','',NULL,NULL,'2019-10-25 15:29:51','2019-10-25 15:29:51'),(146,'9292409','Súper Drywall Cartagena','conductor','','2019-02-02',NULL,'2019-10-25 15:29:51','2019-10-25 15:29:51'),(147,'1050949305','Fortox security group','Vigilante','Seguridad',NULL,NULL,'2019-10-25 15:29:51','2019-10-25 15:29:51'),(148,'32939727','','','',NULL,NULL,'2019-10-25 15:29:51','2019-10-25 15:29:51'),(149,'1143363578','','','',NULL,NULL,'2019-10-25 15:29:51','2019-10-25 15:29:51'),(150,'1041976314','Fundación Juan Felipe','Ayudante de panadería','Gastronomía','2017-07-18',NULL,'2019-10-25 15:29:51','2019-10-25 15:29:51'),(151,'1002392757','La cosechas','Asesora de ventas','',NULL,NULL,'2019-10-25 15:29:51','2019-10-25 15:29:51'),(152,'1143380448','Cointrasur Ltda.','Conductor','','2019-08-19',NULL,'2019-10-25 15:29:51','2019-10-25 15:29:51'),(153,'73151126','Almacen. Asesorio de celulares','Vendedora','',NULL,NULL,'2019-10-25 15:29:51','2019-10-25 15:29:51'),(154,'1043645377','','','',NULL,NULL,'2019-10-25 15:29:51','2019-10-25 15:29:51'),(155,'1002203666','hotel las olas Mamonal ','Recepción ','',NULL,NULL,'2019-10-25 15:29:51','2019-10-25 15:29:51'),(156,'1143377393','','','',NULL,NULL,'2019-10-25 15:29:51','2019-10-25 15:29:51'),(157,'1193568822','','','',NULL,NULL,'2019-10-25 15:29:51','2019-10-25 15:29:51'),(158,'1047366018','ISA Equipos S.A.S Ingeniería Civil','Operador de manlift','Trabajo en altura',NULL,NULL,'2019-10-25 15:29:51','2019-10-25 15:29:51'),(159,'73577703','Galotrans Operador Logístico','Montador de carga','certificados por competencias ',NULL,NULL,'2019-10-25 15:29:51','2019-10-25 15:29:51'),(160,'7886061','','','',NULL,NULL,'2019-10-25 15:29:51','2019-10-25 15:29:51'),(161,'1081912331','Construcciones Anaya S.A.S ','Ayudante de obra civil','',NULL,NULL,'2019-10-25 15:29:51','2019-10-25 15:29:51'),(162,'1143346912','','','',NULL,NULL,'2019-10-25 15:29:51','2019-10-25 15:29:51'),(163,'1047468675','Olímpica','Operadora de Alimentos','',NULL,NULL,'2019-10-25 15:29:51','2019-10-25 15:29:51'),(164,'30843889','','','',NULL,NULL,'2019-10-25 15:29:51','2019-10-25 15:29:51'),(165,'73377361','Kangupor S.A.S','Empacador','','2019-04-01',NULL,'2019-10-25 15:29:51','2019-10-25 15:29:51'),(166,'1047510299','','','',NULL,NULL,'2019-10-25 15:29:51','2019-10-25 15:29:51'),(167,'1047438276','','','',NULL,NULL,'2019-10-25 15:29:51','2019-10-25 15:29:51'),(168,'1047431288','','','',NULL,NULL,'2019-10-25 15:29:51','2019-10-25 15:29:51'),(169,'73153143','C Y R  S.A.S Cartagena','Obrero','','2019-02-13','2019-08-21','2019-10-25 15:29:51','2019-10-25 15:29:51'),(170,'73431836','Solmex Del Caribe','Operario de aseo y mantenimiento','','2019-05-20','2019-08-20','2019-10-25 15:29:51','2019-10-25 15:29:51'),(171,'1047459391','','','',NULL,NULL,'2019-10-25 15:29:51','2019-10-25 15:29:51'),(172,'1001967507','','','',NULL,NULL,'2019-10-25 15:29:51','2019-10-25 15:29:51'),(173,'1052738227','','','',NULL,NULL,'2019-10-25 15:29:51','2019-10-25 15:29:51'),(174,'1143406394','','','',NULL,NULL,'2019-10-25 15:29:51','2019-10-25 15:29:51'),(175,'1126255133','Asic S.A','Operador oficios varios','',NULL,NULL,'2019-10-25 15:29:51','2019-10-25 15:29:51'),(176,'1002200443','','','',NULL,NULL,'2019-10-25 15:29:51','2019-10-25 15:29:51'),(177,'1041977669','','','',NULL,NULL,'2019-10-25 15:29:51','2019-10-25 15:29:51'),(178,'1143399614','A&F Contratista de aguas de Cartagena','Oficial de obra civil ','','2018-12-27',NULL,'2019-10-25 15:29:51','2019-10-25 15:29:51'),(179,'9204844','','','',NULL,NULL,'2019-10-25 15:29:51','2019-10-25 15:29:51'),(180,'1047388043','','','',NULL,NULL,'2019-10-25 15:29:51','2019-10-25 15:29:51'),(181,'1047382517','Provinas S.A.S','Operador de oficios varios ','','2018-02-22','2019-07-06','2019-10-25 15:29:51','2019-10-25 15:29:51'),(182,'1049936828','RTH S.A.S en Cartagena','Ayudante de Aislamiento Térmico','',NULL,'2018-12-15','2019-10-25 15:29:51','2019-10-25 15:29:51'),(183,'1047452937','ARGOS','Oficios varios ','',NULL,NULL,'2019-10-25 15:29:51','2019-10-25 15:29:51'),(184,'73113657','','','',NULL,NULL,'2019-10-25 15:29:51','2019-10-25 15:29:51'),(185,'1143391957','Ajover S.A','Control de calidad','',NULL,NULL,'2019-10-25 15:29:51','2019-10-25 15:29:51'),(186,'1047470465','','','',NULL,NULL,'2019-10-25 15:29:51','2019-10-25 15:29:51'),(187,'1143401723','Argos S.A','Soldador','',NULL,NULL,'2019-10-25 15:29:51','2019-10-25 15:29:51'),(188,'9098207','','','',NULL,NULL,'2019-10-25 15:29:51','2019-10-25 15:29:51'),(189,'1051450601','','','',NULL,NULL,'2019-10-25 15:29:51','2019-10-25 15:29:51'),(190,'1082968674','Guardia Ambiental de Colombia','Funcionaria ','',NULL,NULL,'2019-10-25 15:29:51','2019-10-25 15:29:51'),(191,'1047382978','EMPYRO DE COLOMBIA ','Ayudante de soldadura.','',NULL,NULL,'2019-10-25 15:29:51','2019-10-25 15:29:51'),(192,'9145861','','','',NULL,NULL,'2019-10-25 15:29:51','2019-10-25 15:29:51'),(193,'1047417734','','','',NULL,NULL,'2019-10-25 15:29:51','2019-10-25 15:29:51'),(194,'92533437','','','',NULL,NULL,'2019-10-25 15:29:51','2019-10-25 15:29:51'),(195,'1049826497','CYR  S.A.S','Ayudante en obra civil','','2019-03-22','2019-08-11','2019-10-25 15:29:51','2019-10-25 15:29:51'),(196,'1049826496','','','',NULL,NULL,'2019-10-25 15:29:51','2019-10-25 15:29:51'),(197,'1051447435','','','',NULL,NULL,'2019-10-25 15:29:51','2019-10-25 15:29:51'),(198,'105095954','','','',NULL,NULL,'2019-10-25 15:29:51','2019-10-25 15:29:51'),(199,'1047505849','Unión temporal SCT Merl S.A.S bolsa de empleo','Soldador','','2019-07-18',NULL,'2019-10-25 15:29:51','2019-10-25 15:29:51'),(200,'1143370787','','','',NULL,NULL,'2019-10-25 15:29:51','2019-10-25 15:29:51'),(201,'1051451374','','','',NULL,NULL,'2019-10-25 15:29:51','2019-10-25 15:29:51'),(202,'1143383506','','','',NULL,NULL,'2019-10-25 15:29:51','2019-10-25 15:29:51'),(203,'1007206213','','','',NULL,NULL,'2019-10-25 15:29:51','2019-10-25 15:29:51'),(204,'1047447258','','','',NULL,NULL,'2019-10-25 15:29:51','2019-10-25 15:29:51'),(205,'1033774698','CYR  S.A.S','Obrero','',NULL,NULL,'2019-10-25 15:29:51','2019-10-25 15:29:51'),(206,'1007206186','','','',NULL,NULL,'2019-10-25 15:29:51','2019-10-25 15:29:51'),(207,'9044301','Seguridad Gimanel LTDA','Vigilante','','2019-08-02','2019-09-05','2019-10-25 15:29:51','2019-10-25 15:29:51'),(208,'1101872205','Disermi S.A.S','Soldador','',NULL,NULL,'2019-10-25 15:29:51','2019-10-25 15:29:51'),(209,'1045713384','','','',NULL,NULL,'2019-10-25 15:29:51','2019-10-25 15:29:51'),(210,'1143375658','','','',NULL,NULL,'2019-10-25 15:29:51','2019-10-25 15:29:51'),(211,'64525028','Sipesa LTDA','Operador de maquinaria pesada','','2019-07-16',NULL,'2019-10-25 15:29:51','2019-10-25 15:29:51'),(212,'1007710879','Helados y conos del caribe','Auxiliar de entrega y bodega','',NULL,NULL,'2019-10-25 15:29:51','2019-10-25 15:29:51'),(213,'1047412880','Ismocol S.A','Pintor','','2018-10-30','2019-08-31','2019-10-25 15:29:51','2019-10-25 15:29:51'),(214,'1079659323','','','',NULL,NULL,'2019-10-25 15:29:51','2019-10-25 15:29:51'),(215,'1143364128','','','',NULL,NULL,'2019-10-25 15:29:51','2019-10-25 15:29:51'),(216,'1143411906','','','',NULL,NULL,'2019-10-25 15:29:51','2019-10-25 15:29:51'),(217,'1051451614','','','',NULL,NULL,'2019-10-25 15:29:51','2019-10-25 15:29:51'),(218,'1002388016','JYM logistics S.A.S','Operaria de Producción ','',NULL,NULL,'2019-10-25 15:29:51','2019-10-25 15:29:51'),(219,'78747852','Restaurante  la Tragantua','Cocinera','','2019-06-23','2019-09-01','2019-10-25 15:29:51','2019-10-25 15:29:51'),(220,'33358652','','','',NULL,NULL,'2019-10-25 15:29:51','2019-10-25 15:29:51'),(221,'30855460','Zona Franca de la Candelaria','Obrero','',NULL,NULL,'2019-10-25 15:29:51','2019-10-25 15:29:51'),(222,'1143407002','Gimanel LTDA','Vigilante','','2019-06-02',NULL,'2019-10-25 15:29:51','2019-10-25 15:29:51'),(223,'1002204239','','','',NULL,NULL,'2019-10-25 15:29:51','2019-10-25 15:29:51'),(224,'1148207443','Serviequipo','Soldador y manejador de manlif','',NULL,NULL,'2019-10-25 15:29:51','2019-10-25 15:29:51'),(225,'70526790','Sergematec','Oficial de obra civil ','',NULL,NULL,'2019-10-25 15:29:51','2019-10-25 15:29:51'),(226,'73166565','','','',NULL,NULL,'2019-10-25 15:29:51','2019-10-25 15:29:51'),(227,'12595569','','','',NULL,NULL,'2019-10-25 15:29:51','2019-10-25 15:29:51'),(228,'9098318','Seguridad Gimanel LTDA','','Guardia de seguridad ','2019-04-23','2019-05-23','2019-10-25 15:29:51','2019-10-25 15:29:51'),(229,'1001973966','Almacen bestto ','Asesor comercial ','La empresa se comenzó en ese año y hubo aumento, se desempeñaba como vendedor y cobrador, es decir, el encargado. ','2014-11-01','2016-03-20','2019-10-25 15:29:51','2019-10-25 15:29:51'),(230,'1235038561','ARGOS','Oficios Varios','Oficios Varios','2015-01-01','2015-03-31','2019-10-25 15:29:51','2019-10-25 15:29:51'),(231,'1143383555','Señor arepas','Aseo, Cargo de cocina','Ayudante de preparación de comidas rápidas','2018-07-09',NULL,'2019-10-25 15:29:51','2019-10-25 15:29:51'),(232,'72175041','Parque américas ','Empacadora temporal ','Empacadora, asignando etiquetas a las envolturas de mecatos','2017-10-20','2017-11-14','2019-10-25 15:29:51','2019-10-25 15:29:51'),(233,'9202332','MultiPetrol','Paletera','Seguridad Vial','2017-07-15','2018-03-15','2019-10-25 15:29:51','2019-10-25 15:29:51'),(234,'45760452','Yopalu-tienda','Vendedor','Vendedor','2018-03-16','2019-04-05','2019-10-25 15:29:51','2019-10-25 15:29:51'),(235,'1143372393','CBI','Cadenero ','Localizaciones de zapatas, Nivelaciones de pernos ','2012-04-12','2014-04-12','2019-10-25 15:29:51','2019-10-25 15:29:51'),(236,'1041974511','RTH SAS','Ayudante de obra','Cortador de ladrillo industrial','2017-11-21','2019-04-24','2019-10-25 15:29:51','2019-10-25 15:29:51'),(237,'73226303','Personería de Cartagena','Auxiliar Atención de Recursos Humanos','Trabajo Comunitario','2012-09-22','2014-12-31','2019-10-25 15:29:51','2019-10-25 15:29:51'),(238,'26027467','Servicio industrial inspectuario ','Capataz','Comenzó como auxiliar de procesos y luego lo ascendieron a Capataz','2000-11-22','2019-05-02','2019-10-25 15:29:51','2019-10-25 15:29:51'),(239,'1070815753','Rampint','Oficial','Fundiendo placas','2018-12-16','2019-01-23','2019-10-25 15:29:51','2019-10-25 15:29:51'),(240,'1143397540','SYR Construcciones','Auxiliar Civil','Oficios Varios','2019-05-25','2019-04-15','2019-10-25 15:29:51','2019-10-25 15:29:51'),(241,'1143411372','piquiba','Operador de carga','Operador de maquinas','2015-03-01','2015-06-22','2019-10-25 15:29:51','2019-10-25 15:29:51'),(242,'5134792','Construcciones del caribe ','Ayudante oficios varios ','Ayudante de oficios varios ','2017-01-26','2017-11-20','2019-10-25 15:29:51','2019-10-25 15:29:51'),(243,'1047459343','ISMOCOL ','Ayudante Soldadura Categoría #2','Esmerilador','2018-10-28','2019-05-05','2019-10-25 15:29:51','2019-10-25 15:29:51'),(244,'45460530','','','',NULL,NULL,'2019-10-26 00:19:00','2019-10-26 00:19:00'),(245,'1070808609','INGCONS SAS','Ayudante Técnico','Ayudante','2012-02-16','2019-02-22','2019-10-25 15:29:51','2019-10-25 15:29:51'),(246,'9086093','Proleca Ltda. ','Auxiliar de calde ','Auxiliar de Calde y maquinaria, Era el encargado de hacer las inducciones a empleados nuevos','1992-08-01','2016-03-28','2019-10-25 15:29:51','2019-10-25 15:29:51'),(247,'73111145','ARGOS','Oficios Varios','Oficios Varios','2003-01-01','2013-01-01','2019-10-25 15:29:51','2019-10-25 15:29:51'),(248,'1052074378','','','',NULL,NULL,'2019-10-25 15:29:51','2019-10-25 15:29:51'),(249,'1051445576','Aceros y mallas ','Obrero ','Obrero ','2019-04-17','2019-06-06','2019-10-25 15:29:51','2019-10-25 15:29:51'),(250,'1143408731','RTH','Ayudante de Refractarias','Ayudante de Construcción','2018-09-05','2018-10-15','2019-10-25 15:29:51','2019-10-25 15:29:51'),(251,'10143395093','Señalización vial','Ayudante de pintura','Oficios varios','2018-02-20','2019-04-10','2019-10-25 15:29:51','2019-10-25 15:29:51'),(252,'1002388018','Ismocol ','Pintor 2 ','Pintor ','2019-01-07','2019-05-13','2019-10-25 15:29:51','2019-10-25 15:29:51'),(253,'45523133','','','',NULL,NULL,'2019-10-25 15:29:51','2019-10-25 15:29:51'),(254,'1047377580','Ambiente y Espacio Verde','Operario de Guadaña','Uso de Guadaña','2018-06-10','2019-04-24','2019-10-25 15:29:51','2019-10-25 15:29:51'),(255,'1143344079','Prueba experiencia laboral','Prueba experiencia laboral','Prueba experiencia laboral','2019-02-01','2020-02-01',NULL,NULL);

UNLOCK TABLES;

/*Table structure for table `persona_hoja_de_vida` */

DROP TABLE IF EXISTS `persona_hoja_de_vida`;

CREATE TABLE `persona_hoja_de_vida` (
  `cod_hdv` int(11) NOT NULL AUTO_INCREMENT,
  `id_persona` varchar(60) NOT NULL,
  `hoja_de_vida` varchar(130) DEFAULT NULL,
  `estado` varchar(30) DEFAULT NULL,
  PRIMARY KEY (`cod_hdv`),
  KEY `FK_persona_hoja_de_vida` (`id_persona`),
  CONSTRAINT `FK_persona_hoja_de_vida` FOREIGN KEY (`id_persona`) REFERENCES `persona` (`id`) ON DELETE CASCADE ON UPDATE CASCADE
) ENGINE=InnoDB AUTO_INCREMENT=15 DEFAULT CHARSET=utf8;

/*Data for the table `persona_hoja_de_vida` */

LOCK TABLES `persona_hoja_de_vida` WRITE;

insert  into `persona_hoja_de_vida`(`cod_hdv`,`id_persona`,`hoja_de_vida`,`estado`) values (8,'1143344079','Cronograma.pdf','1'),(12,'1143344079','ensayo contexto.docx','0'),(13,'1143344079','421380504405.pdf','0'),(14,'1143344079','BANQUETE .doc','0');

UNLOCK TABLES;

/*Table structure for table `personas_cargos` */

DROP TABLE IF EXISTS `personas_cargos`;

CREATE TABLE `personas_cargos` (
  `cod` int(11) NOT NULL AUTO_INCREMENT,
  `id_pers` varchar(60) DEFAULT NULL,
  `id_cargo` varchar(20) DEFAULT NULL,
  `created_at` datetime DEFAULT NULL,
  `updated_at` datetime DEFAULT NULL,
  PRIMARY KEY (`cod`),
  KEY `FK_personas_cargos_c` (`id_cargo`),
  KEY `FK_personas_cargos_persona` (`id_pers`),
  CONSTRAINT `FK_personas_cargos_c` FOREIGN KEY (`id_cargo`) REFERENCES `cargos` (`id`) ON DELETE CASCADE ON UPDATE CASCADE,
  CONSTRAINT `FK_personas_cargos_persona` FOREIGN KEY (`id_pers`) REFERENCES `persona` (`id`) ON DELETE CASCADE ON UPDATE CASCADE
) ENGINE=InnoDB DEFAULT CHARSET=utf8;

/*Data for the table `personas_cargos` */

LOCK TABLES `personas_cargos` WRITE;

UNLOCK TABLES;

/*Table structure for table `postulantes` */

DROP TABLE IF EXISTS `postulantes`;

CREATE TABLE `postulantes` (
  `id` int(11) NOT NULL AUTO_INCREMENT,
  `id_conv` int(11) DEFAULT NULL,
  `id_persona` varchar(60) DEFAULT NULL,
  `estado` varchar(60) DEFAULT NULL,
  `created_at` datetime DEFAULT NULL,
  `updated_at` datetime DEFAULT NULL,
  PRIMARY KEY (`id`),
  KEY `FK_postulantes_convocatoria` (`id_conv`),
  KEY `FK_postulantes_persona` (`id_persona`),
  CONSTRAINT `FK_postulantes_convocatoria` FOREIGN KEY (`id_conv`) REFERENCES `convocatoria` (`id`) ON DELETE CASCADE ON UPDATE CASCADE,
  CONSTRAINT `FK_postulantes_persona` FOREIGN KEY (`id_persona`) REFERENCES `persona` (`id`) ON DELETE CASCADE ON UPDATE CASCADE
) ENGINE=InnoDB AUTO_INCREMENT=28 DEFAULT CHARSET=utf8;

/*Data for the table `postulantes` */

LOCK TABLES `postulantes` WRITE;

insert  into `postulantes`(`id`,`id_conv`,`id_persona`,`estado`,`created_at`,`updated_at`) values (2,6,'1143344079','0','2020-10-27 20:19:18','2019-11-30 20:00:04'),(20,7,'1001967641','1','2020-10-27 20:19:18','2019-11-15 06:26:51'),(22,7,'1143344079','0','2020-10-27 20:19:18',NULL),(24,31,'1143344079','0','2021-02-01 23:59:16',NULL),(26,30,'1143344079','0','2021-02-02 02:29:01',NULL),(27,32,'1143344079','0','2021-02-02 23:19:44',NULL);

UNLOCK TABLES;

/*Table structure for table `programas` */

DROP TABLE IF EXISTS `programas`;

CREATE TABLE `programas` (
  `id` int(11) NOT NULL AUTO_INCREMENT,
  `desc` varchar(300) DEFAULT NULL,
  `cat` int(11) DEFAULT NULL,
  PRIMARY KEY (`id`),
  KEY `FK_programas_cat` (`cat`),
  CONSTRAINT `FK_programas_cat` FOREIGN KEY (`cat`) REFERENCES `cat_prog` (`id`) ON DELETE CASCADE ON UPDATE CASCADE
) ENGINE=InnoDB AUTO_INCREMENT=23 DEFAULT CHARSET=utf8;

/*Data for the table `programas` */

LOCK TABLES `programas` WRITE;

insert  into `programas`(`id`,`desc`,`cat`) values (1,'Facebook',1),(2,'Instagram ',1),(3,'Skype',1),(4,'Word',2),(5,'Dropbox',NULL),(6,'Google Drive',NULL),(7,'Google Maps',NULL),(8,'Google Forms',NULL),(9,'WhatsApp',1),(10,'YouTube',NULL),(11,'Outlook',NULL),(12,'OneDrive',NULL),(13,'Excel',2),(14,'PowerPoint',2),(15,'Twitter',1),(16,'Gmail',NULL),(17,'Google Drive',NULL),(18,'Google Chrome',NULL),(19,'Messenger',1),(20,'Nequi',NULL),(21,'OneNote',NULL),(22,'LinkedIn',1);

UNLOCK TABLES;

/*Table structure for table `resetpassword` */

DROP TABLE IF EXISTS `resetpassword`;

CREATE TABLE `resetpassword` (
  `codi` int(11) NOT NULL AUTO_INCREMENT,
  `id` varchar(60) DEFAULT NULL,
  `estado` varchar(11) DEFAULT NULL,
  `created_at` datetime DEFAULT NULL,
  `updated_at` datetime DEFAULT NULL,
  PRIMARY KEY (`codi`),
  KEY `FK_reset_password_user` (`id`),
  CONSTRAINT `FK_reset_password_user` FOREIGN KEY (`id`) REFERENCES `users` (`id`) ON DELETE CASCADE ON UPDATE CASCADE
) ENGINE=InnoDB AUTO_INCREMENT=161 DEFAULT CHARSET=utf8;

/*Data for the table `resetpassword` */

LOCK TABLES `resetpassword` WRITE;

insert  into `resetpassword`(`codi`,`id`,`estado`,`created_at`,`updated_at`) values (100,'1143344079','1','2020-09-01 01:27:12',NULL),(101,'1143344079','1',NULL,NULL),(102,'1143344079','1','2020-09-01 01:41:06',NULL),(104,'1143344079','1','2020-09-01 01:42:00',NULL),(105,'1143344079','1','2020-09-01 03:14:42',NULL),(117,'1143344079','1','2020-09-01 03:57:43',NULL),(157,'1143344079','1','2020-09-03 18:45:16',NULL),(158,'1143344079','1','2019-10-25 15:29:51','2020-09-04 20:53:25'),(159,'1143344079','1','2019-10-25 15:29:51','2020-09-04 20:57:09'),(160,'1143344079','0','2021-02-02 23:24:45',NULL);

UNLOCK TABLES;

/*Table structure for table `roles` */

DROP TABLE IF EXISTS `roles`;

CREATE TABLE `roles` (
  `id` int(11) NOT NULL,
  `descripcion` varchar(25) DEFAULT NULL,
  PRIMARY KEY (`id`)
) ENGINE=InnoDB DEFAULT CHARSET=utf8;

/*Data for the table `roles` */

LOCK TABLES `roles` WRITE;

insert  into `roles`(`id`,`descripcion`) values (1,'PERSONA'),(2,'EMPRESA'),(3,'ADMINISTRADOR');

UNLOCK TABLES;

/*Table structure for table `tecnologias` */

DROP TABLE IF EXISTS `tecnologias`;

CREATE TABLE `tecnologias` (
  `cod` int(11) NOT NULL AUTO_INCREMENT,
  `id_pers` varchar(60) DEFAULT NULL COMMENT 'Id de la persona',
  `id_prog` int(11) DEFAULT NULL,
  `created_at` datetime DEFAULT NULL,
  `updated_at` datetime DEFAULT NULL,
  PRIMARY KEY (`cod`),
  KEY `FK_tecnologias_prog` (`id_prog`),
  KEY `FK_tecnologias_persona` (`id_pers`),
  CONSTRAINT `FK_tecnologias_persona` FOREIGN KEY (`id_pers`) REFERENCES `persona` (`id`) ON DELETE CASCADE ON UPDATE CASCADE,
  CONSTRAINT `FK_tecnologias_prog` FOREIGN KEY (`id_prog`) REFERENCES `programas` (`id`) ON DELETE CASCADE ON UPDATE CASCADE
) ENGINE=InnoDB AUTO_INCREMENT=1248 DEFAULT CHARSET=utf8;

/*Data for the table `tecnologias` */

LOCK TABLES `tecnologias` WRITE;

insert  into `tecnologias`(`cod`,`id_pers`,`id_prog`,`created_at`,`updated_at`) values (1,'1001804427',NULL,NULL,NULL),(2,'1001937355',NULL,NULL,NULL),(3,'1001967507',NULL,NULL,NULL),(4,'1001967641',NULL,NULL,NULL),(5,'1001968340',NULL,NULL,NULL),(6,'1001971881',NULL,NULL,NULL),(7,'1001971882',NULL,NULL,NULL),(8,'1001971883',NULL,NULL,NULL),(9,'1001973966',22,NULL,'2019-11-09 00:26:43'),(12,'1001973966',19,NULL,NULL),(14,'1002200443',NULL,NULL,NULL),(15,'1002201542',NULL,NULL,NULL),(16,'1002202444',NULL,NULL,NULL),(17,'1002203666',4,NULL,NULL),(20,'1002204239',NULL,NULL,NULL),(21,'1002388016',NULL,NULL,NULL),(22,'1002388018',NULL,NULL,NULL),(23,'1002392757',4,NULL,NULL),(24,'1002392757',13,NULL,NULL),(25,'1002392757',14,NULL,NULL),(26,'1002442773',NULL,NULL,NULL),(27,'1002475665',13,NULL,NULL),(28,'1002475665',4,NULL,NULL),(29,'1002490102',NULL,NULL,NULL),(30,'1003189035',NULL,NULL,NULL),(31,'1003431920',4,NULL,NULL),(32,'1003431920',13,NULL,NULL),(33,'1003456280',NULL,NULL,NULL),(34,'1003456281',NULL,NULL,NULL),(35,'1003456958',NULL,NULL,NULL),(36,'1007206186',NULL,NULL,NULL),(37,'1007206213',NULL,NULL,NULL),(38,'1007710879',NULL,NULL,NULL),(39,'1010048756',NULL,NULL,NULL),(40,'1010095706',NULL,NULL,NULL),(42,'10143395093',9,NULL,NULL),(43,'1033774698',NULL,NULL,NULL),(44,'1041974511',13,NULL,NULL),(46,'1041974511',9,NULL,NULL),(47,'1041976314',NULL,NULL,NULL),(48,'1041977669',NULL,NULL,NULL),(49,'1043307080',NULL,NULL,NULL),(50,'1043503017',NULL,NULL,NULL),(51,'1043645377',NULL,NULL,NULL),(52,'1044928356',NULL,NULL,NULL),(53,'1044938295',NULL,NULL,NULL),(54,'1045527205',NULL,NULL,NULL),(55,'1045713384',NULL,NULL,NULL),(56,'1047364560',NULL,NULL,NULL),(57,'1047366018',4,NULL,NULL),(58,'1047374420',NULL,NULL,NULL),(62,'1047377580',9,NULL,NULL),(66,'1047382517',4,NULL,NULL),(67,'1047382517',13,NULL,NULL),(68,'1047382517',14,NULL,NULL),(69,'1047382978',NULL,NULL,NULL),(70,'1047388043',NULL,NULL,NULL),(71,'1047388748',NULL,NULL,NULL),(72,'1047395074',NULL,NULL,NULL),(73,'1047403692',NULL,NULL,NULL),(74,'1047405873',NULL,NULL,NULL),(75,'1047412328',NULL,NULL,NULL),(76,'1047412795',NULL,NULL,NULL),(77,'1047412880',4,NULL,NULL),(78,'1047412880',13,NULL,NULL),(79,'1047412880',14,NULL,NULL),(80,'1047413899',NULL,NULL,NULL),(81,'1047417734',NULL,NULL,NULL),(82,'1047431288',NULL,NULL,NULL),(83,'1047438276',NULL,NULL,NULL),(84,'1047442958',NULL,NULL,NULL),(85,'1047447258',NULL,NULL,NULL),(86,'1047448479',NULL,NULL,NULL),(87,'1047450060',NULL,NULL,NULL),(89,'1047452937',NULL,NULL,NULL),(90,'1047459343',9,NULL,NULL),(91,'1047459343',10,NULL,NULL),(93,'1047459343',16,NULL,NULL),(94,'1047459391',NULL,NULL,NULL),(95,'1047461824',NULL,NULL,NULL),(96,'1047463159',NULL,NULL,NULL),(97,'1047468675',4,NULL,NULL),(98,'1047468675',13,NULL,NULL),(99,'1047470465',NULL,NULL,NULL),(100,'1047477178',NULL,NULL,NULL),(101,'1047478175',NULL,NULL,NULL),(102,'1047486068',NULL,NULL,NULL),(103,'1047492144',NULL,NULL,NULL),(104,'1047493805',NULL,NULL,NULL),(105,'1047496644',NULL,NULL,NULL),(106,'1047505849',4,NULL,NULL),(107,'1047505849',13,NULL,NULL),(108,'1047510299',NULL,NULL,NULL),(109,'104866625',4,NULL,NULL),(110,'104866625',13,NULL,NULL),(111,'1048943671',NULL,NULL,NULL),(112,'1049826496',NULL,NULL,NULL),(113,'1049826497',4,NULL,NULL),(114,'1049826497',13,NULL,NULL),(115,'1049826497',14,NULL,NULL),(116,'1049928127',NULL,NULL,NULL),(117,'1049936828',NULL,NULL,NULL),(118,'1050782327',NULL,NULL,NULL),(119,'1050949305',NULL,NULL,NULL),(120,'105095954',NULL,NULL,NULL),(122,'1050973854',9,NULL,NULL),(123,'1051443720',NULL,NULL,NULL),(124,'1051445576',NULL,NULL,NULL),(125,'1051447435',NULL,NULL,NULL),(126,'1051448080',NULL,NULL,NULL),(127,'1051450601',NULL,NULL,NULL),(128,'1051450727',NULL,NULL,NULL),(129,'1051450900',NULL,NULL,NULL),(130,'1051451374',NULL,NULL,NULL),(131,'1051451387',NULL,NULL,NULL),(132,'1051451614',NULL,NULL,NULL),(133,'1051451820',NULL,NULL,NULL),(134,'1051657679',NULL,NULL,NULL),(135,'1052066200',NULL,NULL,NULL),(136,'1052074378',NULL,NULL,NULL),(137,'1052732744',NULL,NULL,NULL),(138,'1052738227',NULL,NULL,NULL),(139,'1063122113',NULL,NULL,NULL),(140,'1063145863',NULL,NULL,NULL),(141,'1063157492',NULL,NULL,NULL),(143,'1070808609',9,NULL,NULL),(145,'1070815753',18,NULL,NULL),(146,'1079659323',NULL,NULL,NULL),(147,'1081912331',NULL,NULL,NULL),(148,'1082968674',4,NULL,NULL),(149,'1082968674',13,NULL,NULL),(150,'1082968674',14,NULL,NULL),(151,'1085008145',NULL,NULL,NULL),(152,'10882840',NULL,NULL,NULL),(153,'1099961866',13,NULL,NULL),(154,'1099961866',4,NULL,NULL),(155,'1101872205',4,NULL,NULL),(156,'1101872205',13,NULL,NULL),(157,'1101872205',14,NULL,NULL),(158,'1102866152',NULL,NULL,NULL),(159,'1103109407',4,NULL,NULL),(160,'1103109407',13,NULL,NULL),(161,'111582182',NULL,NULL,NULL),(162,'1120743747',NULL,NULL,NULL),(163,'1122397450',NULL,NULL,NULL),(164,'1126255133',4,NULL,NULL),(165,'1126255133',13,NULL,NULL),(166,'1126255133',14,NULL,NULL),(167,'1128047348',NULL,NULL,NULL),(168,'1140904902',NULL,NULL,NULL),(169,'1143332008',NULL,NULL,NULL),(172,'1143346912',NULL,NULL,NULL),(173,'1143355772',4,NULL,NULL),(174,'1143355772',13,NULL,NULL),(175,'1143356900',NULL,NULL,NULL),(176,'1143357542',NULL,NULL,NULL),(177,'1143363578',NULL,NULL,NULL),(178,'1143364128',NULL,NULL,NULL),(180,'1143368946',NULL,NULL,NULL),(181,'1143370787',NULL,NULL,NULL),(182,'1143372393',18,NULL,NULL),(183,'1143375658',NULL,NULL,NULL),(184,'1143376640',NULL,NULL,NULL),(185,'1143377393',NULL,NULL,NULL),(186,'1143379986',NULL,NULL,NULL),(187,'1143380448',NULL,NULL,NULL),(188,'1143383506',NULL,NULL,NULL),(190,'1143383555',9,NULL,NULL),(191,'1143385982',NULL,NULL,NULL),(192,'1143386652',NULL,NULL,NULL),(193,'1143387109',13,NULL,NULL),(194,'1143387109',4,NULL,NULL),(195,'1143391957',4,NULL,NULL),(196,'1143391957',13,NULL,NULL),(197,'1143391957',14,NULL,NULL),(199,'1143397540',9,NULL,NULL),(200,'1143399614',NULL,NULL,NULL),(201,'1143401723',NULL,NULL,NULL),(202,'1143401851',NULL,NULL,NULL),(203,'1143406394',NULL,NULL,NULL),(204,'1143407002',4,NULL,NULL),(205,'1143407002',13,NULL,NULL),(206,'1143407002',14,NULL,NULL),(207,'1143408731',9,NULL,NULL),(208,'1143408731',1,NULL,NULL),(209,'1143408731',10,NULL,NULL),(210,'1143408731',16,NULL,NULL),(211,'1143408739',NULL,NULL,NULL),(212,'1143411372',1,NULL,NULL),(213,'1143411906',NULL,NULL,NULL),(214,'1143415235',4,NULL,NULL),(215,'1143415235',13,NULL,NULL),(216,'1148196144',NULL,NULL,NULL),(217,'1148207443',NULL,NULL,NULL),(218,'1148706743',1,NULL,NULL),(219,'1193568822',NULL,NULL,NULL),(220,'1193581652',NULL,NULL,NULL),(221,'121235038507',NULL,NULL,NULL),(222,'1235038561',NULL,NULL,NULL),(223,'1235039118',NULL,NULL,NULL),(224,'12594637',NULL,NULL,NULL),(225,'12595569',1,NULL,NULL),(226,'12595569',15,NULL,NULL),(227,'12595569',10,NULL,NULL),(228,'12595569',16,NULL,NULL),(229,'12696000',NULL,NULL,NULL),(230,'19517182',NULL,NULL,NULL),(231,'19517557',NULL,NULL,NULL),(232,'19890289',NULL,NULL,NULL),(233,'26027467',NULL,NULL,NULL),(234,'30843889',NULL,NULL,NULL),(235,'30855460',4,NULL,NULL),(236,'30855460',13,NULL,NULL),(237,'32939727',NULL,NULL,NULL),(238,'33254767',NULL,NULL,NULL),(239,'33358652',4,NULL,NULL),(240,'33358652',13,NULL,NULL),(241,'33358652',14,NULL,NULL),(242,'45460530',NULL,NULL,NULL),(243,'45510210',NULL,NULL,NULL),(244,'45510429',4,NULL,NULL),(245,'45510429',13,NULL,NULL),(246,'45523133',NULL,NULL,NULL),(247,'45549797',NULL,NULL,NULL),(248,'45561454',NULL,NULL,NULL),(249,'45760452',9,NULL,NULL),(250,'5134792',NULL,NULL,NULL),(251,'64525028',4,NULL,NULL),(252,'64525028',13,NULL,NULL),(253,'64525028',14,NULL,NULL),(254,'70526790',NULL,NULL,NULL),(255,'72167462',NULL,NULL,NULL),(256,'72175041',18,NULL,NULL),(257,'73111145',NULL,NULL,NULL),(258,'73113657',NULL,NULL,NULL),(259,'73126905',NULL,NULL,NULL),(260,'73131866',NULL,NULL,NULL),(261,'73142322',13,NULL,NULL),(262,'73143322',NULL,NULL,NULL),(263,'73146680',NULL,NULL,NULL),(264,'73149997',NULL,NULL,NULL),(265,'73151126',20,NULL,NULL),(266,'73153143',NULL,NULL,NULL),(267,'73154009',NULL,NULL,NULL),(268,'73154493',NULL,NULL,NULL),(269,'73161967',4,NULL,NULL),(270,'73161967',13,NULL,NULL),(271,'73163895',NULL,NULL,NULL),(272,'73166565',NULL,NULL,NULL),(273,'73185075',14,NULL,NULL),(274,'73185075',4,NULL,NULL),(275,'73187214',NULL,NULL,NULL),(276,'73195666',NULL,NULL,NULL),(277,'73200610',NULL,NULL,NULL),(278,'73205731',NULL,NULL,NULL),(279,'73226303',13,NULL,NULL),(280,'73226303',4,NULL,NULL),(281,'73226303',1,NULL,NULL),(282,'73226303',2,NULL,NULL),(283,'73226303',15,NULL,NULL),(284,'73243070',NULL,NULL,NULL),(285,'73350182',NULL,NULL,NULL),(286,'73353080',4,NULL,NULL),(287,'73353080',13,NULL,NULL),(288,'73353080',14,NULL,NULL),(289,'73353081',NULL,NULL,NULL),(290,'73377361',NULL,NULL,NULL),(291,'73431836',4,NULL,NULL),(292,'73431836',13,NULL,NULL),(293,'73431836',14,NULL,NULL),(294,'73549013',NULL,NULL,NULL),(295,'73568783',NULL,NULL,NULL),(296,'73577703',NULL,NULL,NULL),(297,'73582755',NULL,NULL,NULL),(298,'73593705',NULL,NULL,NULL),(299,'73593797',4,NULL,NULL),(300,'73593797',13,NULL,NULL),(301,'73831436',NULL,NULL,NULL),(302,'77162309',NULL,NULL,NULL),(303,'77184607',NULL,NULL,NULL),(304,'78747852',NULL,NULL,NULL),(305,'7886061',NULL,NULL,NULL),(306,'7959076',4,NULL,NULL),(307,'7959076',13,NULL,NULL),(308,'7959076',14,NULL,NULL),(309,'7959383',NULL,NULL,NULL),(310,'84078545',NULL,NULL,NULL),(311,'85446170',NULL,NULL,NULL),(312,'85484388',NULL,NULL,NULL),(313,'8980844',NULL,NULL,NULL),(314,'8981554',NULL,NULL,NULL),(315,'9042928',NULL,NULL,NULL),(316,'9044301',NULL,NULL,NULL),(317,'9086093',NULL,NULL,NULL),(318,'9098207',NULL,NULL,NULL),(319,'9098318',4,NULL,NULL),(320,'9098318',13,NULL,NULL),(321,'9145269',NULL,NULL,NULL),(322,'9145861',NULL,NULL,NULL),(323,'9155075',4,NULL,NULL),(324,'9155075',13,NULL,NULL),(325,'9202332',NULL,NULL,NULL),(326,'9204844',NULL,NULL,NULL),(327,'92187363',4,NULL,NULL),(328,'92187363',13,NULL,NULL),(329,'92446381',NULL,NULL,NULL),(330,'92533437',NULL,NULL,NULL),(331,'9292409',NULL,NULL,NULL),(332,'9298786',NULL,NULL,NULL),(451,'1047375530',14,NULL,NULL),(674,NULL,NULL,NULL,NULL),(676,NULL,NULL,NULL,NULL),(702,NULL,NULL,NULL,NULL),(1235,'1143344079',21,NULL,NULL),(1236,'1143344079',21,NULL,NULL),(1237,'1143344079',17,NULL,NULL),(1238,'1143344079',19,NULL,NULL),(1239,'1143344079',21,NULL,NULL),(1240,'23232323',1,NULL,NULL),(1241,'23232323',3,NULL,NULL),(1242,'23232323',5,NULL,NULL),(1243,'1143344079',13,NULL,NULL),(1244,'1143344079',15,NULL,NULL),(1245,'1143344079',17,NULL,NULL),(1246,'1143344079',19,NULL,NULL),(1247,'1143344079',21,NULL,NULL);

UNLOCK TABLES;

/*Table structure for table `tipo_de_contrato` */

DROP TABLE IF EXISTS `tipo_de_contrato`;

CREATE TABLE `tipo_de_contrato` (
  `id` int(11) NOT NULL AUTO_INCREMENT,
  `descripcion` varchar(300) DEFAULT NULL,
  PRIMARY KEY (`id`)
) ENGINE=InnoDB AUTO_INCREMENT=7 DEFAULT CHARSET=utf8;

/*Data for the table `tipo_de_contrato` */

LOCK TABLES `tipo_de_contrato` WRITE;

insert  into `tipo_de_contrato`(`id`,`descripcion`) values (1,'Contrato a término indefinido'),(2,'Contrato de obra o labor'),(3,'Contrato a término fijo'),(4,'Contrato civil por prestación de servicios'),(5,'Contrato de aprendizaje'),(6,'Contrato ocasional de trabajo');

UNLOCK TABLES;

/*Table structure for table `tipo_estudio` */

DROP TABLE IF EXISTS `tipo_estudio`;

CREATE TABLE `tipo_estudio` (
  `id` int(11) NOT NULL AUTO_INCREMENT,
  `descripcion` varchar(25) DEFAULT NULL,
  PRIMARY KEY (`id`)
) ENGINE=InnoDB AUTO_INCREMENT=9 DEFAULT CHARSET=utf8;

/*Data for the table `tipo_estudio` */

LOCK TABLES `tipo_estudio` WRITE;

insert  into `tipo_estudio`(`id`,`descripcion`) values (1,'Primaria'),(2,'Bachiller'),(3,'Técnico'),(4,'Tecnólogo'),(5,'Profesional'),(6,'Posgrado'),(7,'Bachiller Técnico'),(8,'No Definido');

UNLOCK TABLES;

/*Table structure for table `tipo_identificacion` */

DROP TABLE IF EXISTS `tipo_identificacion`;

CREATE TABLE `tipo_identificacion` (
  `codi_iden` varchar(60) NOT NULL COMMENT 'Identificación de la persona',
  `desc_iden` varchar(50) NOT NULL DEFAULT '',
  `abre_iden` varchar(2) DEFAULT NULL,
  `estado` int(11) DEFAULT '0',
  PRIMARY KEY (`codi_iden`)
) ENGINE=InnoDB DEFAULT CHARSET=utf8;

/*Data for the table `tipo_identificacion` */

LOCK TABLES `tipo_identificacion` WRITE;

insert  into `tipo_identificacion`(`codi_iden`,`desc_iden`,`abre_iden`,`estado`) values ('0','No Registra','NR',0),('1','Tarjeta de Identidad','TI',1),('2','Documento de identidad extranjera','DE',1),('3','Pasaporte','PS',1),('4','Cédula de Extranjería','CE',1),('5','Visa','VA',1),('6','Cédula de Ciudadanía','CC',1),('7','Tarjeta Profesional','TP',1),('8','Número de Identificación Tributaria (NIT)','NI',0);

UNLOCK TABLES;

/*Table structure for table `user_roles` */

DROP TABLE IF EXISTS `user_roles`;

CREATE TABLE `user_roles` (
  `id_user` varchar(60) NOT NULL,
  `id_rol` int(11) NOT NULL,
  `created_at` timestamp NULL DEFAULT NULL,
  `updated_at` timestamp NULL DEFAULT NULL,
  KEY `FK_user_roles` (`id_rol`),
  KEY `FK_user_roles_u` (`id_user`),
  CONSTRAINT `FK_user_roles` FOREIGN KEY (`id_rol`) REFERENCES `roles` (`id`) ON DELETE CASCADE ON UPDATE CASCADE,
  CONSTRAINT `FK_user_roles_u` FOREIGN KEY (`id_user`) REFERENCES `users` (`id`) ON DELETE CASCADE ON UPDATE CASCADE
) ENGINE=InnoDB DEFAULT CHARSET=utf8;

/*Data for the table `user_roles` */

LOCK TABLES `user_roles` WRITE;

insert  into `user_roles`(`id_user`,`id_rol`,`created_at`,`updated_at`) values ('73154493',1,'2019-10-25 15:29:51','2019-10-25 15:29:51'),('1063145863',1,'2019-10-25 15:29:51','2019-10-25 15:29:51'),('1143357542',1,'2019-10-25 15:29:51','2019-10-25 15:29:51'),('73353081',1,'2019-10-25 15:29:51','2019-10-25 15:29:51'),('10882840',1,'2019-10-25 15:29:51','2019-10-25 15:29:51'),('73149997',1,'2019-10-25 15:29:51','2019-10-25 15:29:51'),('92446381',1,'2019-10-25 15:29:51','2019-10-25 15:29:51'),('1001971882',1,'2019-10-25 15:29:51','2019-10-25 15:29:51'),('1044938295',1,'2019-10-25 15:29:51','2019-10-25 15:29:51'),('9145269',1,'2019-10-25 15:29:51','2019-10-25 15:29:51'),('9298786',1,'2019-10-25 15:29:51','2019-10-25 15:29:51'),('73126905',1,'2019-10-25 15:29:51','2019-10-25 15:29:51'),('73163895',1,'2019-10-25 15:29:51','2019-10-25 15:29:51'),('1010048756',1,'2019-10-25 15:29:51','2019-10-25 15:29:51'),('1047493805',1,'2019-10-25 15:29:51','2019-10-25 15:29:51'),('12696000',1,'2019-10-25 15:29:51','2019-10-25 15:29:51'),('1051451387',1,'2019-10-25 15:29:51','2019-10-25 15:29:51'),('1122397450',1,'2019-10-25 15:29:51','2019-10-25 15:29:51'),('1010095706',1,'2019-10-25 15:29:51','2019-10-25 15:29:51'),('1003456280',1,'2019-10-25 15:29:51','2019-10-25 15:29:51'),('1140904902',1,'2019-10-25 15:29:51','2019-10-25 15:29:51'),('1047477178',1,'2019-10-25 15:29:51','2019-10-25 15:29:51'),('1143332008',1,'2019-10-25 15:29:51','2019-10-25 15:29:51'),('19517182',1,'2019-10-25 15:29:51','2019-10-25 15:29:51'),('73200610',1,'2019-10-25 15:29:51','2019-10-25 15:29:51'),('1051451820',1,'2019-10-25 15:29:51','2019-10-25 15:29:51'),('7959383',1,'2019-10-25 15:29:51','2019-10-25 15:29:51'),('1148196144',1,'2019-10-25 15:29:51','2019-10-25 15:29:51'),('1051450727',1,'2019-10-25 15:29:51','2019-10-25 15:29:51'),('73831436',1,'2019-10-25 15:29:51','2019-10-25 15:29:51'),('1143376640',1,'2019-10-25 15:29:51','2019-10-25 15:29:51'),('1051448080',1,'2019-10-25 15:29:51','2019-10-25 15:29:51'),('1002490102',1,'2019-10-25 15:29:51','2019-10-25 15:29:51'),('73205731',1,'2019-10-25 15:29:51','2019-10-25 15:29:51'),('73350182',1,'2019-10-25 15:29:51','2019-10-25 15:29:51'),('1047478175',1,'2019-10-25 15:29:51','2019-10-25 15:29:51'),('1143379986',1,'2019-10-25 15:29:51','2019-10-25 15:29:51'),('1235039118',1,'2019-10-25 15:29:51','2019-10-25 15:29:51'),('1047450060',1,'2019-10-25 15:29:51','2019-10-25 15:29:51'),('33254767',1,'2019-10-25 15:29:51','2019-10-25 15:29:51'),('73593705',1,'2019-10-25 15:29:51','2019-10-25 15:29:51'),('73568783',1,'2019-10-25 15:29:51','2019-10-25 15:29:51'),('73146680',1,'2019-10-25 15:29:51','2019-10-25 15:29:51'),('1002442773',1,'2019-10-25 15:29:51','2019-10-25 15:29:51'),('1048943671',1,'2019-10-25 15:29:51','2019-10-25 15:29:51'),('72167462',1,'2019-10-25 15:29:51','2019-10-25 15:29:51'),('1043307080',1,'2019-10-25 15:29:51','2019-10-25 15:29:51'),('1002185480',1,'2019-10-25 15:29:51','2019-10-25 15:29:51'),('1001804427',1,'2019-10-25 15:29:51','2019-10-25 15:29:51'),('1051443720',1,'2019-10-25 15:29:51','2019-10-25 15:29:51'),('1193581652',1,'2019-10-25 15:29:51','2019-10-25 15:29:51'),('1003189035',1,'2019-10-25 15:29:51','2019-10-25 15:29:51'),('77162309',1,'2019-10-25 15:29:51','2019-10-25 15:29:51'),('73195666',1,'2019-10-25 15:29:51','2019-10-25 15:29:51'),('1047395074',1,'2019-10-25 15:29:51','2019-10-25 15:29:51'),('73243070',1,'2019-10-25 15:29:51','2019-10-25 15:29:51'),('7959076',1,'2019-10-25 15:29:51','2019-10-25 15:29:51'),('1148706743',1,'2019-10-25 15:29:51','2019-10-25 15:29:51'),('1052732744',1,'2019-10-25 15:29:51','2019-10-25 15:29:51'),('1002200443',1,'2019-10-25 15:29:51','2019-10-25 15:29:51'),('1047405873',1,'2019-10-25 15:29:51','2019-10-25 15:29:51'),('1050782327',1,'2019-10-25 15:29:51','2019-10-25 15:29:51'),('1047486068',1,'2019-10-25 15:29:51','2019-10-25 15:29:51'),('1047388748',1,'2019-10-25 15:29:51','2019-10-25 15:29:51'),('1120743747',1,'2019-10-25 15:29:51','2019-10-25 15:29:51'),('1001971881',1,'2019-10-25 15:29:51','2019-10-25 15:29:51'),('73154009',1,'2019-10-25 15:29:51','2019-10-25 15:29:51'),('1063122113',1,'2019-10-25 15:29:51','2019-10-25 15:29:51'),('1050973854',1,'2019-10-25 15:29:51','2019-10-25 15:29:51'),('9042928',1,'2019-10-25 15:29:51','2019-10-25 15:29:51'),('1051450900',1,'2019-10-25 15:29:51','2019-10-25 15:29:51'),('1001937355',1,'2019-10-25 15:29:51','2019-10-25 15:29:51'),('1143385982',1,'2019-10-25 15:29:51','2019-10-25 15:29:51'),('84078545',1,'2019-10-25 15:29:51','2019-10-25 15:29:51'),('1003456281',1,'2019-10-25 15:29:51','2019-10-25 15:29:51'),('1063157492',1,'2019-10-25 15:29:51','2019-10-25 15:29:51'),('1001971883',1,'2019-10-25 15:29:51','2019-10-25 15:29:51'),('5134792',1,'2019-10-25 15:29:51','2019-10-25 15:29:51'),('45549797',1,'2019-10-25 15:29:51','2019-10-25 15:29:51'),('1047374420',1,'2019-10-25 15:29:51','2019-10-25 15:29:51'),('73582755',1,'2019-10-25 15:29:51','2019-10-25 15:29:51'),('1143356900',1,'2019-10-25 15:29:51','2019-10-25 15:29:51'),('73577703',1,'2019-10-25 15:29:51','2019-10-25 15:29:51'),('1128047348',1,'2019-10-25 15:29:51','2019-10-25 15:29:51'),('73142322',1,'2019-10-25 15:29:51','2019-10-25 15:29:51'),('1047413899',1,'2019-10-25 15:29:51','2019-10-25 15:29:51'),('1044928356',1,'2019-10-25 15:29:51','2019-10-25 15:29:51'),('1047451033',1,'2019-10-25 15:29:51','2019-10-25 15:29:51'),('1143365471',1,'2019-10-25 15:29:51','2019-10-25 15:29:51'),('1047412795',1,'2019-10-25 15:29:51','2019-10-25 15:29:51'),('1047364560',1,'2019-10-25 15:29:51','2019-10-25 15:29:51'),('85446170',1,'2019-10-25 15:29:51','2019-10-25 15:29:51'),('1047431288',1,'2019-10-25 15:29:51','2019-10-25 15:29:51'),('8981554',1,'2019-10-25 15:29:51','2019-10-25 15:29:51'),('1003456958',1,'2019-10-25 15:29:51','2019-10-25 15:29:51'),('1002201542',1,'2019-10-25 15:29:51','2019-10-25 15:29:51'),('1049928127',1,'2019-10-25 15:29:51','2019-10-25 15:29:51'),('1001967641',1,'2019-10-25 15:29:51','2019-10-25 15:29:51'),('1143383555',1,'2019-10-25 15:29:51','2019-10-25 15:29:51'),('1143344079',3,'2019-10-25 15:29:51','2019-10-25 15:29:51'),('1143368946',1,'2019-10-25 15:29:51','2019-10-25 15:29:51'),('8980844',1,'2019-10-25 15:29:51','2019-10-25 15:29:51'),('1001968340',1,'2019-10-25 15:29:51','2019-10-25 15:29:51'),('111582182',1,'2019-10-25 15:29:51','2019-10-25 15:29:51'),('19890289',1,'2019-10-25 15:29:51','2019-10-25 15:29:51'),('77184607',1,'2019-10-25 15:29:51','2019-10-25 15:29:51'),('12594637',1,'2019-10-25 15:29:51','2019-10-25 15:29:51'),('73131866',1,'2019-10-25 15:29:51','2019-10-25 15:29:51'),('19517557',1,'2019-10-25 15:29:51','2019-10-25 15:29:51'),('73143322',1,'2019-10-25 15:29:51','2019-10-25 15:29:51'),('85484388',1,'2019-10-25 15:29:51','2019-10-25 15:29:51'),('1143387109',1,'2019-10-25 15:29:51','2019-10-25 15:29:51'),('1001973966',1,'2019-10-25 15:29:51','2019-10-25 15:29:51'),('1047496644',1,'2019-10-25 15:29:51','2019-10-25 15:29:51'),('1051657679',1,'2019-10-25 15:29:51','2019-10-25 15:29:51'),('1047375530',1,'2019-10-25 15:29:51','2019-10-25 15:29:51'),('73185075',1,'2019-10-25 15:29:51','2019-10-25 15:29:51'),('45510210',1,'2019-10-25 15:29:51','2019-10-25 15:29:51'),('1002475665',1,'2019-10-25 15:29:51','2019-10-25 15:29:51'),('1047463159',1,'2019-10-25 15:29:51','2019-10-25 15:29:51'),('1143386652',1,'2019-10-25 15:29:51','2019-10-25 15:29:51'),('121235038507',1,'2019-10-25 15:29:51','2019-10-25 15:29:51'),('1143401851',1,'2019-10-25 15:29:51','2019-10-25 15:29:51'),('1099961866',1,'2019-10-25 15:29:51','2019-10-25 15:29:51'),('1041974511',1,'2019-10-25 15:29:51','2019-10-25 15:29:51'),('1102866152',1,'2019-10-25 15:29:51','2019-10-25 15:29:51'),('1143408739',1,'2019-10-25 15:29:51','2019-10-25 15:29:51'),('1103109407',1,'2019-10-25 15:29:51','2019-10-25 15:29:51'),('1047448479',1,'2019-10-25 15:29:51','2019-10-25 15:29:51'),('1052066200',1,'2019-10-25 15:29:51','2019-10-25 15:29:51'),('92187363',1,'2019-10-25 15:29:51','2019-10-25 15:29:51'),('1143355772',1,'2019-10-25 15:29:51','2019-10-25 15:29:51'),('1002202444',1,'2019-10-25 15:29:51','2019-10-25 15:29:51'),('73161967',1,'2019-10-25 15:29:51','2019-10-25 15:29:51'),('1047442958',1,'2019-10-25 15:29:51','2019-10-25 15:29:51'),('73187214',1,'2019-10-25 15:29:51','2019-10-25 15:29:51'),('1047492144',1,'2019-10-25 15:29:51','2019-10-25 15:29:51'),('1045527205',1,'2019-10-25 15:29:51','2019-10-25 15:29:51'),('45561454',1,'2019-10-25 15:29:51','2019-10-25 15:29:51'),('1047461824',1,'2019-10-25 15:29:51','2019-10-25 15:29:51'),('73593797',1,'2019-10-25 15:29:51','2019-10-25 15:29:51'),('1085008145',1,'2019-10-25 15:29:51','2019-10-25 15:29:51'),('9155075',1,'2019-10-25 15:29:51','2019-10-25 15:29:51'),('104866625',1,'2019-10-25 15:29:51','2019-10-25 15:29:51'),('1143415235',1,'2019-10-25 15:29:51','2019-10-25 15:29:51'),('1047412328',1,'2019-10-25 15:29:51','2019-10-25 15:29:51'),('45510429',1,'2019-10-25 15:29:51','2019-10-25 15:29:51'),('1003431920',1,'2019-10-25 15:29:51','2019-10-25 15:29:51'),('73549013',1,'2019-10-25 15:29:51','2019-10-25 15:29:51'),('73353080',1,'2019-10-25 15:29:51','2019-10-25 15:29:51'),('1043503017',1,'2019-10-25 15:29:51','2019-10-25 15:29:51'),('9292409',1,'2019-10-25 15:29:51','2019-10-25 15:29:51'),('1050949305',1,'2019-10-25 15:29:51','2019-10-25 15:29:51'),('32939727',1,'2019-10-25 15:29:51','2019-10-25 15:29:51'),('1143363578',1,'2019-10-25 15:29:51','2019-10-25 15:29:51'),('1041976314',1,'2019-10-25 15:29:51','2019-10-25 15:29:51'),('1002392757',1,'2019-10-25 15:29:51','2019-10-25 15:29:51'),('1143380448',1,'2019-10-25 15:29:51','2019-10-25 15:29:51'),('73151126',1,'2019-10-25 15:29:51','2019-10-25 15:29:51'),('1043645377',1,'2019-10-25 15:29:51','2019-10-25 15:29:51'),('1002203666',1,'2019-10-25 15:29:51','2019-10-25 15:29:51'),('1143377393',1,'2019-10-25 15:29:51','2019-10-25 15:29:51'),('1193568822',1,'2019-10-25 15:29:51','2019-10-25 15:29:51'),('1047366018',1,'2019-10-25 15:29:51','2019-10-25 15:29:51'),('7886061',1,'2019-10-25 15:29:51','2019-10-25 15:29:51'),('1081912331',1,'2019-10-25 15:29:51','2019-10-25 15:29:51'),('1143346912',1,'2019-10-25 15:29:51','2019-10-25 15:29:51'),('1047468675',1,'2019-10-25 15:29:51','2019-10-25 15:29:51'),('30843889',1,'2019-10-25 15:29:51','2019-10-25 15:29:51'),('73377361',1,'2019-10-25 15:29:51','2019-10-25 15:29:51'),('1047510299',1,'2019-10-25 15:29:51','2019-10-25 15:29:51'),('1047438276',1,'2019-10-25 15:29:51','2019-10-25 15:29:51'),('73153143',1,'2019-10-25 15:29:51','2019-10-25 15:29:51'),('73431836',1,'2019-10-25 15:29:51','2019-10-25 15:29:51'),('1047459391',1,'2019-10-25 15:29:51','2019-10-25 15:29:51'),('1001967507',1,'2019-10-25 15:29:51','2019-10-25 15:29:51'),('1052738227',1,'2019-10-25 15:29:51','2019-10-25 15:29:51'),('1143406394',1,'2019-10-25 15:29:51','2019-10-25 15:29:51'),('1126255133',1,'2019-10-25 15:29:51','2019-10-25 15:29:51'),('1041977669',1,'2019-10-25 15:29:51','2019-10-25 15:29:51'),('1143399614',1,'2019-10-25 15:29:51','2019-10-25 15:29:51'),('9204844',1,'2019-10-25 15:29:51','2019-10-25 15:29:51'),('1047388043',1,'2019-10-25 15:29:51','2019-10-25 15:29:51'),('1047382517',1,'2019-10-25 15:29:51','2019-10-25 15:29:51'),('1049936828',1,'2019-10-25 15:29:51','2019-10-25 15:29:51'),('1047452937',1,'2019-10-25 15:29:51','2019-10-25 15:29:51'),('73113657',1,'2019-10-25 15:29:51','2019-10-25 15:29:51'),('1143391957',1,'2019-10-25 15:29:51','2019-10-25 15:29:51'),('1047403692',1,'2019-10-25 15:29:51','2019-10-25 15:29:51'),('1047470465',1,'2019-10-25 15:29:51','2019-10-25 15:29:51'),('1143401723',1,'2019-10-25 15:29:51','2019-10-25 15:29:51'),('9098207',1,'2019-10-25 15:29:51','2019-10-25 15:29:51'),('1051450601',1,'2019-10-25 15:29:51','2019-10-25 15:29:51'),('1082968674',1,'2019-10-25 15:29:51','2019-10-25 15:29:51'),('1047382978',1,'2019-10-25 15:29:51','2019-10-25 15:29:51'),('9145861',1,'2019-10-25 15:29:51','2019-10-25 15:29:51'),('1047417734',1,'2019-10-25 15:29:51','2019-10-25 15:29:51'),('92533437',1,'2019-10-25 15:29:51','2019-10-25 15:29:51'),('1049826497',1,'2019-10-25 15:29:51','2019-10-25 15:29:51'),('1049826496',1,'2019-10-25 15:29:51','2019-10-25 15:29:51'),('1002388018',1,'2019-10-25 15:29:51','2019-10-25 15:29:51'),('1051447435',1,'2019-10-25 15:29:51','2019-10-25 15:29:51'),('105095954',1,'2019-10-25 15:29:51','2019-10-25 15:29:51'),('1047505849',1,'2019-10-25 15:29:51','2019-10-25 15:29:51'),('1143370787',1,'2019-10-25 15:29:51','2019-10-25 15:29:51'),('1051451374',1,'2019-10-25 15:29:51','2019-10-25 15:29:51'),('1143383506',1,'2019-10-25 15:29:51','2019-10-25 15:29:51'),('1007206213',1,'2019-10-25 15:29:51','2019-10-25 15:29:51'),('1047447258',1,'2019-10-25 15:29:51','2019-10-25 15:29:51'),('1033774698',1,'2019-10-25 15:29:51','2019-10-25 15:29:51'),('1007206186',1,'2019-10-25 15:29:51','2019-10-25 15:29:51'),('9044301',1,'2019-10-25 15:29:51','2019-10-25 15:29:51'),('1101872205',1,'2019-10-25 15:29:51','2019-10-25 15:29:51'),('1045713384',1,'2019-10-25 15:29:51','2019-10-25 15:29:51'),('1143375658',1,'2019-10-25 15:29:51','2019-10-25 15:29:51'),('64525028',1,'2019-10-25 15:29:51','2019-10-25 15:29:51'),('1007710879',1,'2019-10-25 15:29:51','2019-10-25 15:29:51'),('1047412880',1,'2019-10-25 15:29:51','2019-10-25 15:29:51'),('1079659323',1,'2019-10-25 15:29:51','2019-10-25 15:29:51'),('1143364128',1,'2019-10-25 15:29:51','2019-10-25 15:29:51'),('1143411906',1,'2019-10-25 15:29:51','2019-10-25 15:29:51'),('1051451614',1,'2019-10-25 15:29:51','2019-10-25 15:29:51'),('1002388016',1,'2019-10-25 15:29:51','2019-10-25 15:29:51'),('78747852',1,'2019-10-25 15:29:51','2019-10-25 15:29:51'),('33358652',1,'2019-10-25 15:29:51','2019-10-25 15:29:51'),('30855460',1,'2019-10-25 15:29:51','2019-10-25 15:29:51'),('1143407002',1,'2019-10-25 15:29:51','2019-10-25 15:29:51'),('1002204239',1,'2019-10-25 15:29:51','2019-10-25 15:29:51'),('1148207443',1,'2019-10-25 15:29:51','2019-10-25 15:29:51'),('70526790',1,'2019-10-25 15:29:51','2019-10-25 15:29:51'),('73166565',1,'2019-10-25 15:29:51','2019-10-25 15:29:51'),('12595569',1,'2019-10-25 15:29:51','2019-10-25 15:29:51'),('1235038561',1,'2019-10-25 15:29:51','2019-10-25 15:29:51'),('72175041',1,'2019-10-25 15:29:51','2019-10-25 15:29:51'),('9202332',1,'2019-10-25 15:29:51','2019-10-25 15:29:51'),('45760452',1,'2019-10-25 15:29:51','2019-10-25 15:29:51'),('1143372393',1,'2019-10-25 15:29:51','2019-10-25 15:29:51'),('73226303',1,'2019-10-25 15:29:51','2019-10-25 15:29:51'),('26027467',1,'2019-10-25 15:29:51','2019-10-25 15:29:51'),('1070815753',1,'2019-10-25 15:29:51','2019-10-25 15:29:51'),('1143397540',1,'2019-10-25 15:29:51','2019-10-25 15:29:51'),('1143411372',1,'2019-10-25 15:29:51','2019-10-25 15:29:51'),('1047459343',1,'2019-10-25 15:29:51','2019-10-25 15:29:51'),('45460530',1,'2019-10-25 15:29:51','2019-10-25 15:29:51'),('1070808609',1,'2019-10-25 15:29:51','2019-10-25 15:29:51'),('9086093',1,'2019-10-25 15:29:51','2019-10-25 15:29:51'),('73111145',1,'2019-10-25 15:29:51','2019-10-25 15:29:51'),('1052074378',1,'2019-10-25 15:29:51','2019-10-25 15:29:51'),('1051445576',1,'2019-10-25 15:29:51','2019-10-25 15:29:51'),('1143408731',1,'2019-10-25 15:29:51','2019-10-25 15:29:51'),('10143395093',1,'2019-10-25 15:29:51','2019-10-25 15:29:51'),('45523133',1,'2019-10-25 15:29:51','2019-10-25 15:29:51'),('1047377580',1,'2019-10-25 15:29:51','2019-10-25 15:29:51'),('9098318',1,'2019-10-26 00:19:01','2019-10-26 00:19:01'),('80808080',2,'2019-10-29 12:18:00','2019-10-29 12:18:04'),('900101279',2,'2019-11-25 15:35:45','2019-11-25 15:35:45'),('123456789',1,'2020-12-02 18:24:00','2020-12-02 18:24:00'),('1212123',1,'2020-12-03 01:28:30',NULL),('23232323',1,'2021-02-02 16:41:00',NULL),('6767679',2,'2021-02-12 18:29:02',NULL),('67676799',2,'2021-02-12 18:29:29',NULL),('676767999',2,'2021-02-12 18:30:15',NULL),('45454545',2,'2021-02-12 20:10:46',NULL);

UNLOCK TABLES;

/*Table structure for table `users` */

DROP TABLE IF EXISTS `users`;

CREATE TABLE `users` (
  `id` varchar(60) NOT NULL,
  `password` char(255) NOT NULL,
  `created_at` datetime DEFAULT NULL,
  `updated_at` datetime DEFAULT NULL,
  PRIMARY KEY (`id`)
) ENGINE=InnoDB DEFAULT CHARSET=utf8;

/*Data for the table `users` */

LOCK TABLES `users` WRITE;

insert  into `users`(`id`,`password`,`created_at`,`updated_at`) values ('1001804427','$2y$10$cAd5zbgnjxETP258bPVm..EJ5pf4LB8gYEUeaCTdoTqYwDx4jHfcS','2019-10-25 15:29:51','2019-10-25 15:29:51'),('1001937355','$2y$10$cAd5zbgnjxETP258bPVm..EJ5pf4LB8gYEUeaCTdoTqYwDx4jHfcS','2019-10-25 15:29:51','2019-10-25 15:29:51'),('1001967507','$2y$10$cAd5zbgnjxETP258bPVm..EJ5pf4LB8gYEUeaCTdoTqYwDx4jHfcS','2019-10-25 15:29:51','2019-10-25 15:29:51'),('1001967641','$2y$10$cAd5zbgnjxETP258bPVm..EJ5pf4LB8gYEUeaCTdoTqYwDx4jHfcS','2019-10-25 15:29:51','2019-10-25 15:29:51'),('1001968340','$2y$10$cAd5zbgnjxETP258bPVm..EJ5pf4LB8gYEUeaCTdoTqYwDx4jHfcS','2019-10-25 15:29:51','2019-10-25 15:29:51'),('1001971881','$2y$10$cAd5zbgnjxETP258bPVm..EJ5pf4LB8gYEUeaCTdoTqYwDx4jHfcS','2019-10-25 15:29:51','2019-10-25 15:29:51'),('1001971882','$2y$10$cAd5zbgnjxETP258bPVm..EJ5pf4LB8gYEUeaCTdoTqYwDx4jHfcS','2019-10-25 15:29:51','2019-10-25 15:29:51'),('1001971883','$2y$10$cAd5zbgnjxETP258bPVm..EJ5pf4LB8gYEUeaCTdoTqYwDx4jHfcS','2019-10-25 15:29:51','2019-10-25 15:29:51'),('1001973966','$2y$10$cAd5zbgnjxETP258bPVm..EJ5pf4LB8gYEUeaCTdoTqYwDx4jHfcS','2019-10-25 15:29:51','2019-10-25 15:29:51'),('1002185480','$2y$10$cAd5zbgnjxETP258bPVm..EJ5pf4LB8gYEUeaCTdoTqYwDx4jHfcS','2019-10-25 15:29:51','2019-10-25 15:29:51'),('1002200443','$2y$10$cAd5zbgnjxETP258bPVm..EJ5pf4LB8gYEUeaCTdoTqYwDx4jHfcS','2019-10-25 15:29:51','2019-10-25 15:29:51'),('1002201542','$2y$10$cAd5zbgnjxETP258bPVm..EJ5pf4LB8gYEUeaCTdoTqYwDx4jHfcS','2019-10-25 15:29:51','2019-10-25 15:29:51'),('1002202444','$2y$10$cAd5zbgnjxETP258bPVm..EJ5pf4LB8gYEUeaCTdoTqYwDx4jHfcS','2019-10-25 15:29:51','2019-10-25 15:29:51'),('1002203666','$2y$10$cAd5zbgnjxETP258bPVm..EJ5pf4LB8gYEUeaCTdoTqYwDx4jHfcS','2019-10-25 15:29:51','2019-10-25 15:29:51'),('1002204239','$2y$10$cAd5zbgnjxETP258bPVm..EJ5pf4LB8gYEUeaCTdoTqYwDx4jHfcS','2019-10-25 15:29:51','2019-10-25 15:29:51'),('1002388016','$2y$10$cAd5zbgnjxETP258bPVm..EJ5pf4LB8gYEUeaCTdoTqYwDx4jHfcS','2019-10-25 15:29:51','2019-10-25 15:29:51'),('1002388018','$2y$10$cAd5zbgnjxETP258bPVm..EJ5pf4LB8gYEUeaCTdoTqYwDx4jHfcS','2019-10-25 15:29:51','2019-10-25 15:29:51'),('1002392757','$2y$10$cAd5zbgnjxETP258bPVm..EJ5pf4LB8gYEUeaCTdoTqYwDx4jHfcS','2019-10-25 15:29:51','2019-10-25 15:29:51'),('1002442773','$2y$10$cAd5zbgnjxETP258bPVm..EJ5pf4LB8gYEUeaCTdoTqYwDx4jHfcS','2019-10-25 15:29:51','2019-10-25 15:29:51'),('1002475665','$2y$10$cAd5zbgnjxETP258bPVm..EJ5pf4LB8gYEUeaCTdoTqYwDx4jHfcS','2019-10-25 15:29:51','2019-10-25 15:29:51'),('1002490102','$2y$10$cAd5zbgnjxETP258bPVm..EJ5pf4LB8gYEUeaCTdoTqYwDx4jHfcS','2019-10-25 15:29:51','2019-10-25 15:29:51'),('1003189035','$2y$10$cAd5zbgnjxETP258bPVm..EJ5pf4LB8gYEUeaCTdoTqYwDx4jHfcS','2019-10-25 15:29:51','2019-10-25 15:29:51'),('1003431920','$2y$10$cAd5zbgnjxETP258bPVm..EJ5pf4LB8gYEUeaCTdoTqYwDx4jHfcS','2019-10-25 15:29:51','2019-10-25 15:29:51'),('1003456280','$2y$10$cAd5zbgnjxETP258bPVm..EJ5pf4LB8gYEUeaCTdoTqYwDx4jHfcS','2019-10-25 15:29:51','2019-10-25 15:29:51'),('1003456281','$2y$10$cAd5zbgnjxETP258bPVm..EJ5pf4LB8gYEUeaCTdoTqYwDx4jHfcS','2019-10-25 15:29:51','2019-10-25 15:29:51'),('1003456958','$2y$10$cAd5zbgnjxETP258bPVm..EJ5pf4LB8gYEUeaCTdoTqYwDx4jHfcS','2019-10-25 15:29:51','2019-10-25 15:29:51'),('1007206186','$2y$10$cAd5zbgnjxETP258bPVm..EJ5pf4LB8gYEUeaCTdoTqYwDx4jHfcS','2019-10-25 15:29:51','2019-10-25 15:29:51'),('1007206213','$2y$10$cAd5zbgnjxETP258bPVm..EJ5pf4LB8gYEUeaCTdoTqYwDx4jHfcS','2019-10-25 15:29:51','2019-10-25 15:29:51'),('1007710879','$2y$10$cAd5zbgnjxETP258bPVm..EJ5pf4LB8gYEUeaCTdoTqYwDx4jHfcS','2019-10-25 15:29:51','2019-10-25 15:29:51'),('1010048756','$2y$10$cAd5zbgnjxETP258bPVm..EJ5pf4LB8gYEUeaCTdoTqYwDx4jHfcS','2019-10-25 15:29:51','2019-10-25 15:29:51'),('1010095706','$2y$10$cAd5zbgnjxETP258bPVm..EJ5pf4LB8gYEUeaCTdoTqYwDx4jHfcS','2019-10-25 15:29:51','2019-10-25 15:29:51'),('10143395093','$2y$10$cAd5zbgnjxETP258bPVm..EJ5pf4LB8gYEUeaCTdoTqYwDx4jHfcS','2019-10-25 15:29:51','2019-10-25 15:29:51'),('1033774698','$2y$10$cAd5zbgnjxETP258bPVm..EJ5pf4LB8gYEUeaCTdoTqYwDx4jHfcS','2019-10-25 15:29:51','2019-10-25 15:29:51'),('1041974511','$2y$10$cAd5zbgnjxETP258bPVm..EJ5pf4LB8gYEUeaCTdoTqYwDx4jHfcS','2019-10-25 15:29:51','2019-10-25 15:29:51'),('1041976314','$2y$10$cAd5zbgnjxETP258bPVm..EJ5pf4LB8gYEUeaCTdoTqYwDx4jHfcS','2019-10-25 15:29:51','2019-10-25 15:29:51'),('1041977669','$2y$10$cAd5zbgnjxETP258bPVm..EJ5pf4LB8gYEUeaCTdoTqYwDx4jHfcS','2019-10-25 15:29:51','2019-10-25 15:29:51'),('1043307080','$2y$10$cAd5zbgnjxETP258bPVm..EJ5pf4LB8gYEUeaCTdoTqYwDx4jHfcS','2019-10-25 15:29:51','2019-10-25 15:29:51'),('1043503017','$2y$10$cAd5zbgnjxETP258bPVm..EJ5pf4LB8gYEUeaCTdoTqYwDx4jHfcS','2019-10-25 15:29:51','2019-10-25 15:29:51'),('1043645377','$2y$10$cAd5zbgnjxETP258bPVm..EJ5pf4LB8gYEUeaCTdoTqYwDx4jHfcS','2019-10-25 15:29:51','2019-10-25 15:29:51'),('1044928356','$2y$10$cAd5zbgnjxETP258bPVm..EJ5pf4LB8gYEUeaCTdoTqYwDx4jHfcS','2019-10-25 15:29:51','2019-10-25 15:29:51'),('1044938295','$2y$10$cAd5zbgnjxETP258bPVm..EJ5pf4LB8gYEUeaCTdoTqYwDx4jHfcS','2019-10-25 15:29:51','2019-10-25 15:29:51'),('1045527205','$2y$10$cAd5zbgnjxETP258bPVm..EJ5pf4LB8gYEUeaCTdoTqYwDx4jHfcS','2019-10-25 15:29:51','2019-10-25 15:29:51'),('1045713384','$2y$10$cAd5zbgnjxETP258bPVm..EJ5pf4LB8gYEUeaCTdoTqYwDx4jHfcS','2019-10-25 15:29:51','2019-10-25 15:29:51'),('1047364560','$2y$10$cAd5zbgnjxETP258bPVm..EJ5pf4LB8gYEUeaCTdoTqYwDx4jHfcS','2019-10-25 15:29:51','2019-10-25 15:29:51'),('1047366018','$2y$10$cAd5zbgnjxETP258bPVm..EJ5pf4LB8gYEUeaCTdoTqYwDx4jHfcS','2019-10-25 15:29:51','2019-10-25 15:29:51'),('1047374420','$2y$10$cAd5zbgnjxETP258bPVm..EJ5pf4LB8gYEUeaCTdoTqYwDx4jHfcS','2019-10-25 15:29:51','2019-10-25 15:29:51'),('1047375530','$2y$10$cAd5zbgnjxETP258bPVm..EJ5pf4LB8gYEUeaCTdoTqYwDx4jHfcS','2019-10-25 15:29:51','2019-10-25 15:29:51'),('1047377580','$2y$10$cAd5zbgnjxETP258bPVm..EJ5pf4LB8gYEUeaCTdoTqYwDx4jHfcS','2019-10-25 15:29:51','2019-10-25 15:29:51'),('1047382517','$2y$10$cAd5zbgnjxETP258bPVm..EJ5pf4LB8gYEUeaCTdoTqYwDx4jHfcS','2019-10-25 15:29:51','2019-10-25 15:29:51'),('1047382978','$2y$10$cAd5zbgnjxETP258bPVm..EJ5pf4LB8gYEUeaCTdoTqYwDx4jHfcS','2019-10-25 15:29:51','2019-10-25 15:29:51'),('1047388043','$2y$10$cAd5zbgnjxETP258bPVm..EJ5pf4LB8gYEUeaCTdoTqYwDx4jHfcS','2019-10-25 15:29:51','2019-10-25 15:29:51'),('1047388748','$2y$10$cAd5zbgnjxETP258bPVm..EJ5pf4LB8gYEUeaCTdoTqYwDx4jHfcS','2019-10-25 15:29:51','2019-10-25 15:29:51'),('1047395074','$2y$10$cAd5zbgnjxETP258bPVm..EJ5pf4LB8gYEUeaCTdoTqYwDx4jHfcS','2019-10-25 15:29:51','2019-10-25 15:29:51'),('1047403692','$2y$10$cAd5zbgnjxETP258bPVm..EJ5pf4LB8gYEUeaCTdoTqYwDx4jHfcS','2019-10-25 15:29:51','2019-10-25 15:29:51'),('1047405873','$2y$10$cAd5zbgnjxETP258bPVm..EJ5pf4LB8gYEUeaCTdoTqYwDx4jHfcS','2019-10-25 15:29:51','2019-10-25 15:29:51'),('1047412328','$2y$10$cAd5zbgnjxETP258bPVm..EJ5pf4LB8gYEUeaCTdoTqYwDx4jHfcS','2019-10-25 15:29:51','2019-10-25 15:29:51'),('1047412795','$2y$10$cAd5zbgnjxETP258bPVm..EJ5pf4LB8gYEUeaCTdoTqYwDx4jHfcS','2019-10-25 15:29:51','2019-10-25 15:29:51'),('1047412880','$2y$10$cAd5zbgnjxETP258bPVm..EJ5pf4LB8gYEUeaCTdoTqYwDx4jHfcS','2019-10-25 15:29:51','2019-10-25 15:29:51'),('1047413899','$2y$10$cAd5zbgnjxETP258bPVm..EJ5pf4LB8gYEUeaCTdoTqYwDx4jHfcS','2019-10-25 15:29:51','2019-10-25 15:29:51'),('1047417734','$2y$10$cAd5zbgnjxETP258bPVm..EJ5pf4LB8gYEUeaCTdoTqYwDx4jHfcS','2019-10-25 15:29:51','2019-10-25 15:29:51'),('1047431288','$2y$10$cAd5zbgnjxETP258bPVm..EJ5pf4LB8gYEUeaCTdoTqYwDx4jHfcS','2019-10-25 15:29:51','2019-10-25 15:29:51'),('1047438276','$2y$10$cAd5zbgnjxETP258bPVm..EJ5pf4LB8gYEUeaCTdoTqYwDx4jHfcS','2019-10-25 15:29:51','2019-10-25 15:29:51'),('1047442958','$2y$10$cAd5zbgnjxETP258bPVm..EJ5pf4LB8gYEUeaCTdoTqYwDx4jHfcS','2019-10-25 15:29:51','2019-10-25 15:29:51'),('1047447258','$2y$10$cAd5zbgnjxETP258bPVm..EJ5pf4LB8gYEUeaCTdoTqYwDx4jHfcS','2019-10-25 15:29:51','2019-10-25 15:29:51'),('1047448479','$2y$10$cAd5zbgnjxETP258bPVm..EJ5pf4LB8gYEUeaCTdoTqYwDx4jHfcS','2019-10-25 15:29:51','2019-10-25 15:29:51'),('1047450060','$2y$10$cAd5zbgnjxETP258bPVm..EJ5pf4LB8gYEUeaCTdoTqYwDx4jHfcS','2019-10-25 15:29:51','2019-10-25 15:29:51'),('1047451033','$2y$10$cAd5zbgnjxETP258bPVm..EJ5pf4LB8gYEUeaCTdoTqYwDx4jHfcS','2019-10-25 15:29:51','2019-10-25 15:29:51'),('1047452937','$2y$10$cAd5zbgnjxETP258bPVm..EJ5pf4LB8gYEUeaCTdoTqYwDx4jHfcS','2019-10-25 15:29:51','2019-10-25 15:29:51'),('1047459343','$2y$10$cAd5zbgnjxETP258bPVm..EJ5pf4LB8gYEUeaCTdoTqYwDx4jHfcS','2019-10-25 15:29:51','2019-10-25 15:29:51'),('1047459391','$2y$10$cAd5zbgnjxETP258bPVm..EJ5pf4LB8gYEUeaCTdoTqYwDx4jHfcS','2019-10-25 15:29:51','2019-10-25 15:29:51'),('1047461824','$2y$10$cAd5zbgnjxETP258bPVm..EJ5pf4LB8gYEUeaCTdoTqYwDx4jHfcS','2019-10-25 15:29:51','2019-10-25 15:29:51'),('1047463159','$2y$10$cAd5zbgnjxETP258bPVm..EJ5pf4LB8gYEUeaCTdoTqYwDx4jHfcS','2019-10-25 15:29:51','2019-10-25 15:29:51'),('1047468675','$2y$10$cAd5zbgnjxETP258bPVm..EJ5pf4LB8gYEUeaCTdoTqYwDx4jHfcS','2019-10-25 15:29:51','2019-10-25 15:29:51'),('1047470465','$2y$10$cAd5zbgnjxETP258bPVm..EJ5pf4LB8gYEUeaCTdoTqYwDx4jHfcS','2019-10-25 15:29:51','2019-10-25 15:29:51'),('1047477178','$2y$10$cAd5zbgnjxETP258bPVm..EJ5pf4LB8gYEUeaCTdoTqYwDx4jHfcS','2019-10-25 15:29:51','2019-10-25 15:29:51'),('1047478175','$2y$10$cAd5zbgnjxETP258bPVm..EJ5pf4LB8gYEUeaCTdoTqYwDx4jHfcS','2019-10-25 15:29:51','2019-10-25 15:29:51'),('1047486068','$2y$10$cAd5zbgnjxETP258bPVm..EJ5pf4LB8gYEUeaCTdoTqYwDx4jHfcS','2019-10-25 15:29:51','2019-10-25 15:29:51'),('1047492144','$2y$10$cAd5zbgnjxETP258bPVm..EJ5pf4LB8gYEUeaCTdoTqYwDx4jHfcS','2019-10-25 15:29:51','2019-10-25 15:29:51'),('1047493805','$2y$10$cAd5zbgnjxETP258bPVm..EJ5pf4LB8gYEUeaCTdoTqYwDx4jHfcS','2019-10-25 15:29:51','2019-10-25 15:29:51'),('1047496644','$2y$10$cAd5zbgnjxETP258bPVm..EJ5pf4LB8gYEUeaCTdoTqYwDx4jHfcS','2019-10-25 15:29:51','2019-10-25 15:29:51'),('1047505849','$2y$10$cAd5zbgnjxETP258bPVm..EJ5pf4LB8gYEUeaCTdoTqYwDx4jHfcS','2019-10-25 15:29:51','2019-10-25 15:29:51'),('1047510299','$2y$10$cAd5zbgnjxETP258bPVm..EJ5pf4LB8gYEUeaCTdoTqYwDx4jHfcS','2019-10-25 15:29:51','2019-10-25 15:29:51'),('104866625','$2y$10$cAd5zbgnjxETP258bPVm..EJ5pf4LB8gYEUeaCTdoTqYwDx4jHfcS','2019-10-25 15:29:51','2019-10-25 15:29:51'),('1048943671','$2y$10$cAd5zbgnjxETP258bPVm..EJ5pf4LB8gYEUeaCTdoTqYwDx4jHfcS','2019-10-25 15:29:51','2019-10-25 15:29:51'),('1049826496','$2y$10$cAd5zbgnjxETP258bPVm..EJ5pf4LB8gYEUeaCTdoTqYwDx4jHfcS','2019-10-25 15:29:51','2019-10-25 15:29:51'),('1049826497','$2y$10$cAd5zbgnjxETP258bPVm..EJ5pf4LB8gYEUeaCTdoTqYwDx4jHfcS','2019-10-25 15:29:51','2019-10-25 15:29:51'),('1049928127','$2y$10$cAd5zbgnjxETP258bPVm..EJ5pf4LB8gYEUeaCTdoTqYwDx4jHfcS','2019-10-25 15:29:51','2019-10-25 15:29:51'),('1049936828','$2y$10$cAd5zbgnjxETP258bPVm..EJ5pf4LB8gYEUeaCTdoTqYwDx4jHfcS','2019-10-25 15:29:51','2019-10-25 15:29:51'),('1050782327','$2y$10$cAd5zbgnjxETP258bPVm..EJ5pf4LB8gYEUeaCTdoTqYwDx4jHfcS','2019-10-25 15:29:51','2019-10-25 15:29:51'),('1050949305','$2y$10$cAd5zbgnjxETP258bPVm..EJ5pf4LB8gYEUeaCTdoTqYwDx4jHfcS','2019-10-25 15:29:51','2019-10-25 15:29:51'),('105095954','$2y$10$cAd5zbgnjxETP258bPVm..EJ5pf4LB8gYEUeaCTdoTqYwDx4jHfcS','2019-10-25 15:29:51','2019-10-25 15:29:51'),('1050973854','$2y$10$cAd5zbgnjxETP258bPVm..EJ5pf4LB8gYEUeaCTdoTqYwDx4jHfcS','2019-10-25 15:29:51','2019-10-25 15:29:51'),('1051443720','$2y$10$cAd5zbgnjxETP258bPVm..EJ5pf4LB8gYEUeaCTdoTqYwDx4jHfcS','2019-10-25 15:29:51','2019-10-25 15:29:51'),('1051445576','$2y$10$cAd5zbgnjxETP258bPVm..EJ5pf4LB8gYEUeaCTdoTqYwDx4jHfcS','2019-10-25 15:29:51','2019-10-25 15:29:51'),('1051447435','$2y$10$cAd5zbgnjxETP258bPVm..EJ5pf4LB8gYEUeaCTdoTqYwDx4jHfcS','2019-10-25 15:29:51','2019-10-25 15:29:51'),('1051448080','$2y$10$cAd5zbgnjxETP258bPVm..EJ5pf4LB8gYEUeaCTdoTqYwDx4jHfcS','2019-10-25 15:29:51','2019-10-25 15:29:51'),('1051450601','$2y$10$cAd5zbgnjxETP258bPVm..EJ5pf4LB8gYEUeaCTdoTqYwDx4jHfcS','2019-10-25 15:29:51','2019-10-25 15:29:51'),('1051450727','$2y$10$cAd5zbgnjxETP258bPVm..EJ5pf4LB8gYEUeaCTdoTqYwDx4jHfcS','2019-10-25 15:29:51','2019-10-25 15:29:51'),('1051450900','$2y$10$cAd5zbgnjxETP258bPVm..EJ5pf4LB8gYEUeaCTdoTqYwDx4jHfcS','2019-10-25 15:29:51','2019-10-25 15:29:51'),('1051451374','$2y$10$cAd5zbgnjxETP258bPVm..EJ5pf4LB8gYEUeaCTdoTqYwDx4jHfcS','2019-10-25 15:29:51','2019-10-25 15:29:51'),('1051451387','$2y$10$cAd5zbgnjxETP258bPVm..EJ5pf4LB8gYEUeaCTdoTqYwDx4jHfcS','2019-10-25 15:29:51','2019-10-25 15:29:51'),('1051451614','$2y$10$cAd5zbgnjxETP258bPVm..EJ5pf4LB8gYEUeaCTdoTqYwDx4jHfcS','2019-10-25 15:29:51','2019-10-25 15:29:51'),('1051451820','$2y$10$cAd5zbgnjxETP258bPVm..EJ5pf4LB8gYEUeaCTdoTqYwDx4jHfcS','2019-10-25 15:29:51','2019-10-25 15:29:51'),('1051657679','$2y$10$cAd5zbgnjxETP258bPVm..EJ5pf4LB8gYEUeaCTdoTqYwDx4jHfcS','2019-10-25 15:29:51','2019-10-25 15:29:51'),('1052066200','$2y$10$cAd5zbgnjxETP258bPVm..EJ5pf4LB8gYEUeaCTdoTqYwDx4jHfcS','2019-10-25 15:29:51','2019-10-25 15:29:51'),('1052074378','$2y$10$cAd5zbgnjxETP258bPVm..EJ5pf4LB8gYEUeaCTdoTqYwDx4jHfcS','2019-10-25 15:29:51','2019-10-25 15:29:51'),('1052732744','$2y$10$cAd5zbgnjxETP258bPVm..EJ5pf4LB8gYEUeaCTdoTqYwDx4jHfcS','2019-10-25 15:29:51','2019-10-25 15:29:51'),('1052738227','$2y$10$cAd5zbgnjxETP258bPVm..EJ5pf4LB8gYEUeaCTdoTqYwDx4jHfcS','2019-10-25 15:29:51','2019-10-25 15:29:51'),('1063122113','$2y$10$cAd5zbgnjxETP258bPVm..EJ5pf4LB8gYEUeaCTdoTqYwDx4jHfcS','2019-10-25 15:29:51','2019-10-25 15:29:51'),('1063145863','$2y$10$cAd5zbgnjxETP258bPVm..EJ5pf4LB8gYEUeaCTdoTqYwDx4jHfcS','2019-10-25 15:29:51','2019-10-25 15:29:51'),('1063157492','$2y$10$cAd5zbgnjxETP258bPVm..EJ5pf4LB8gYEUeaCTdoTqYwDx4jHfcS','2019-10-25 15:29:51','2019-10-25 15:29:51'),('1070808609','$2y$10$cAd5zbgnjxETP258bPVm..EJ5pf4LB8gYEUeaCTdoTqYwDx4jHfcS','2019-10-25 15:29:51','2019-10-25 15:29:51'),('1070815753','$2y$10$cAd5zbgnjxETP258bPVm..EJ5pf4LB8gYEUeaCTdoTqYwDx4jHfcS','2019-10-25 15:29:51','2019-10-25 15:29:51'),('1079659323','$2y$10$cAd5zbgnjxETP258bPVm..EJ5pf4LB8gYEUeaCTdoTqYwDx4jHfcS','2019-10-25 15:29:51','2019-10-25 15:29:51'),('1081912331','$2y$10$cAd5zbgnjxETP258bPVm..EJ5pf4LB8gYEUeaCTdoTqYwDx4jHfcS','2019-10-25 15:29:51','2019-10-25 15:29:51'),('1082968674','$2y$10$cAd5zbgnjxETP258bPVm..EJ5pf4LB8gYEUeaCTdoTqYwDx4jHfcS','2019-10-25 15:29:51','2019-10-25 15:29:51'),('1085008145','$2y$10$cAd5zbgnjxETP258bPVm..EJ5pf4LB8gYEUeaCTdoTqYwDx4jHfcS','2019-10-25 15:29:51','2019-10-25 15:29:51'),('10882840','$2y$10$cAd5zbgnjxETP258bPVm..EJ5pf4LB8gYEUeaCTdoTqYwDx4jHfcS','2019-10-25 15:29:51','2019-10-25 15:29:51'),('1099961866','$2y$10$cAd5zbgnjxETP258bPVm..EJ5pf4LB8gYEUeaCTdoTqYwDx4jHfcS','2019-10-25 15:29:51','2019-10-25 15:29:51'),('1101872205','$2y$10$cAd5zbgnjxETP258bPVm..EJ5pf4LB8gYEUeaCTdoTqYwDx4jHfcS','2019-10-25 15:29:51','2019-10-25 15:29:51'),('1102866152','$2y$10$cAd5zbgnjxETP258bPVm..EJ5pf4LB8gYEUeaCTdoTqYwDx4jHfcS','2019-10-25 15:29:51','2019-10-25 15:29:51'),('1103109407','$2y$10$cAd5zbgnjxETP258bPVm..EJ5pf4LB8gYEUeaCTdoTqYwDx4jHfcS','2019-10-25 15:29:51','2019-10-25 15:29:51'),('111582182','$2y$10$cAd5zbgnjxETP258bPVm..EJ5pf4LB8gYEUeaCTdoTqYwDx4jHfcS','2019-10-25 15:29:51','2019-10-25 15:29:51'),('1120743747','$2y$10$cAd5zbgnjxETP258bPVm..EJ5pf4LB8gYEUeaCTdoTqYwDx4jHfcS','2019-10-25 15:29:51','2019-10-25 15:29:51'),('1122397450','$2y$10$cAd5zbgnjxETP258bPVm..EJ5pf4LB8gYEUeaCTdoTqYwDx4jHfcS','2019-10-25 15:29:51','2019-10-25 15:29:51'),('1126255133','$2y$10$cAd5zbgnjxETP258bPVm..EJ5pf4LB8gYEUeaCTdoTqYwDx4jHfcS','2019-10-25 15:29:51','2019-10-25 15:29:51'),('1128047348','$2y$10$cAd5zbgnjxETP258bPVm..EJ5pf4LB8gYEUeaCTdoTqYwDx4jHfcS','2019-10-25 15:29:51','2019-10-25 15:29:51'),('1140904902','$2y$10$cAd5zbgnjxETP258bPVm..EJ5pf4LB8gYEUeaCTdoTqYwDx4jHfcS','2019-10-25 15:29:51','2019-10-25 15:29:51'),('1143332008','$2y$10$cAd5zbgnjxETP258bPVm..EJ5pf4LB8gYEUeaCTdoTqYwDx4jHfcS','2019-10-25 15:29:51','2019-10-25 15:29:51'),('1143344079','$2y$10$s0DsyU8YgU4hlNo03ugy4OZeBKGRa7MGm1HiVNdaoiGMS8piE4auy','2019-10-25 15:29:51','2020-09-04 20:57:09'),('1143346912','$2y$10$cAd5zbgnjxETP258bPVm..EJ5pf4LB8gYEUeaCTdoTqYwDx4jHfcS','2019-10-25 15:29:51','2019-10-25 15:29:51'),('1143355772','$2y$10$cAd5zbgnjxETP258bPVm..EJ5pf4LB8gYEUeaCTdoTqYwDx4jHfcS','2019-10-25 15:29:51','2019-10-25 15:29:51'),('1143356900','$2y$10$cAd5zbgnjxETP258bPVm..EJ5pf4LB8gYEUeaCTdoTqYwDx4jHfcS','2019-10-25 15:29:51','2019-10-25 15:29:51'),('1143357542','$2y$10$cAd5zbgnjxETP258bPVm..EJ5pf4LB8gYEUeaCTdoTqYwDx4jHfcS','2019-10-25 15:29:51','2019-10-25 15:29:51'),('1143363578','$2y$10$cAd5zbgnjxETP258bPVm..EJ5pf4LB8gYEUeaCTdoTqYwDx4jHfcS','2019-10-25 15:29:51','2019-10-25 15:29:51'),('1143364128','$2y$10$cAd5zbgnjxETP258bPVm..EJ5pf4LB8gYEUeaCTdoTqYwDx4jHfcS','2019-10-25 15:29:51','2019-10-25 15:29:51'),('1143365471','$2y$10$cAd5zbgnjxETP258bPVm..EJ5pf4LB8gYEUeaCTdoTqYwDx4jHfcS','2019-10-25 15:29:51','2019-10-25 15:29:51'),('1143368946','$2y$10$cAd5zbgnjxETP258bPVm..EJ5pf4LB8gYEUeaCTdoTqYwDx4jHfcS','2019-10-25 15:29:51','2019-10-25 15:29:51'),('1143370787','$2y$10$cAd5zbgnjxETP258bPVm..EJ5pf4LB8gYEUeaCTdoTqYwDx4jHfcS','2019-10-25 15:29:51','2019-10-25 15:29:51'),('1143372393','$2y$10$cAd5zbgnjxETP258bPVm..EJ5pf4LB8gYEUeaCTdoTqYwDx4jHfcS','2019-10-25 15:29:51','2019-10-25 15:29:51'),('1143375658','$2y$10$cAd5zbgnjxETP258bPVm..EJ5pf4LB8gYEUeaCTdoTqYwDx4jHfcS','2019-10-25 15:29:51','2019-10-25 15:29:51'),('1143376640','$2y$10$cAd5zbgnjxETP258bPVm..EJ5pf4LB8gYEUeaCTdoTqYwDx4jHfcS','2019-10-25 15:29:51','2019-10-25 15:29:51'),('1143377393','$2y$10$cAd5zbgnjxETP258bPVm..EJ5pf4LB8gYEUeaCTdoTqYwDx4jHfcS','2019-10-25 15:29:51','2019-10-25 15:29:51'),('1143379986','$2y$10$cAd5zbgnjxETP258bPVm..EJ5pf4LB8gYEUeaCTdoTqYwDx4jHfcS','2019-10-25 15:29:51','2019-10-25 15:29:51'),('1143380448','$2y$10$cAd5zbgnjxETP258bPVm..EJ5pf4LB8gYEUeaCTdoTqYwDx4jHfcS','2019-10-25 15:29:51','2019-10-25 15:29:51'),('1143383506','$2y$10$cAd5zbgnjxETP258bPVm..EJ5pf4LB8gYEUeaCTdoTqYwDx4jHfcS','2019-10-25 15:29:51','2019-10-25 15:29:51'),('1143383555','$2y$10$cAd5zbgnjxETP258bPVm..EJ5pf4LB8gYEUeaCTdoTqYwDx4jHfcS','2019-10-25 15:29:51','2019-10-25 15:29:51'),('1143385982','$2y$10$cAd5zbgnjxETP258bPVm..EJ5pf4LB8gYEUeaCTdoTqYwDx4jHfcS','2019-10-25 15:29:51','2019-10-25 15:29:51'),('1143386652','$2y$10$cAd5zbgnjxETP258bPVm..EJ5pf4LB8gYEUeaCTdoTqYwDx4jHfcS','2019-10-25 15:29:51','2019-10-25 15:29:51'),('1143387109','$2y$10$cAd5zbgnjxETP258bPVm..EJ5pf4LB8gYEUeaCTdoTqYwDx4jHfcS','2019-10-25 15:29:51','2019-10-25 15:29:51'),('1143391957','$2y$10$cAd5zbgnjxETP258bPVm..EJ5pf4LB8gYEUeaCTdoTqYwDx4jHfcS','2019-10-25 15:29:51','2019-10-25 15:29:51'),('1143397540','$2y$10$cAd5zbgnjxETP258bPVm..EJ5pf4LB8gYEUeaCTdoTqYwDx4jHfcS','2019-10-25 15:29:51','2019-10-25 15:29:51'),('1143399614','$2y$10$cAd5zbgnjxETP258bPVm..EJ5pf4LB8gYEUeaCTdoTqYwDx4jHfcS','2019-10-25 15:29:51','2019-10-25 15:29:51'),('1143401723','$2y$10$cAd5zbgnjxETP258bPVm..EJ5pf4LB8gYEUeaCTdoTqYwDx4jHfcS','2019-10-25 15:29:51','2019-10-25 15:29:51'),('1143401851','$2y$10$cAd5zbgnjxETP258bPVm..EJ5pf4LB8gYEUeaCTdoTqYwDx4jHfcS','2019-10-25 15:29:51','2019-10-25 15:29:51'),('1143406394','$2y$10$cAd5zbgnjxETP258bPVm..EJ5pf4LB8gYEUeaCTdoTqYwDx4jHfcS','2019-10-25 15:29:51','2019-10-25 15:29:51'),('1143407002','$2y$10$cAd5zbgnjxETP258bPVm..EJ5pf4LB8gYEUeaCTdoTqYwDx4jHfcS','2019-10-25 15:29:51','2019-10-25 15:29:51'),('1143408731','$2y$10$cAd5zbgnjxETP258bPVm..EJ5pf4LB8gYEUeaCTdoTqYwDx4jHfcS','2019-10-25 15:29:51','2019-10-25 15:29:51'),('1143408739','$2y$10$cAd5zbgnjxETP258bPVm..EJ5pf4LB8gYEUeaCTdoTqYwDx4jHfcS','2019-10-25 15:29:51','2019-10-25 15:29:51'),('1143411372','$2y$10$cAd5zbgnjxETP258bPVm..EJ5pf4LB8gYEUeaCTdoTqYwDx4jHfcS','2019-10-25 15:29:51','2019-10-25 15:29:51'),('1143411906','$2y$10$cAd5zbgnjxETP258bPVm..EJ5pf4LB8gYEUeaCTdoTqYwDx4jHfcS','2019-10-25 15:29:51','2019-10-25 15:29:51'),('1143415235','$2y$10$cAd5zbgnjxETP258bPVm..EJ5pf4LB8gYEUeaCTdoTqYwDx4jHfcS','2019-10-25 15:29:51','2019-10-25 15:29:51'),('1148196144','$2y$10$cAd5zbgnjxETP258bPVm..EJ5pf4LB8gYEUeaCTdoTqYwDx4jHfcS','2019-10-25 15:29:51','2019-10-25 15:29:51'),('1148207443','$2y$10$cAd5zbgnjxETP258bPVm..EJ5pf4LB8gYEUeaCTdoTqYwDx4jHfcS','2019-10-25 15:29:51','2019-10-25 15:29:51'),('1148706743','$2y$10$cAd5zbgnjxETP258bPVm..EJ5pf4LB8gYEUeaCTdoTqYwDx4jHfcS','2019-10-25 15:29:51','2019-10-25 15:29:51'),('1193568822','$2y$10$cAd5zbgnjxETP258bPVm..EJ5pf4LB8gYEUeaCTdoTqYwDx4jHfcS','2019-10-25 15:29:51','2019-10-25 15:29:51'),('1193581652','$2y$10$cAd5zbgnjxETP258bPVm..EJ5pf4LB8gYEUeaCTdoTqYwDx4jHfcS','2019-10-25 15:29:51','2019-10-25 15:29:51'),('121212','$2y$10$tNzGOkwkHWguZbRjVqVAC.vR63DpdcFtUhxVl2oIU9FAKG5L8CD7u','2020-12-03 01:27:07',NULL),('12121212','$2y$10$lXdbCIe48UH7CYRrFhr5/uZkAcou1QW.V1zCe99dIG0whAsV59/Lq',NULL,NULL),('1212123','$2y$10$UOczj4QYi4hvmoV38ohGsuQI8wd4PtGyWOomiSRFMFVLLH1Vdujim','2020-12-03 01:28:30',NULL),('121235038507','$2y$10$cAd5zbgnjxETP258bPVm..EJ5pf4LB8gYEUeaCTdoTqYwDx4jHfcS','2019-10-25 15:29:51','2019-10-25 15:29:51'),('123456789','$2y$10$zaBCIgLJNnMNJ8ojvwhWXOrMkK6vrdH1SduPp8sAxhC2UogqKj2/a','2020-12-03 00:18:21',NULL),('1235038561','$2y$10$cAd5zbgnjxETP258bPVm..EJ5pf4LB8gYEUeaCTdoTqYwDx4jHfcS','2019-10-25 15:29:51','2019-10-25 15:29:51'),('1235039118','$2y$10$cAd5zbgnjxETP258bPVm..EJ5pf4LB8gYEUeaCTdoTqYwDx4jHfcS','2019-10-25 15:29:51','2019-10-25 15:29:51'),('1235039530','$2y$10$cAd5zbgnjxETP258bPVm..EJ5pf4LB8gYEUeaCTdoTqYwDx4jHfcS','2019-10-25 15:29:51','2019-10-25 15:29:51'),('12594637','$2y$10$cAd5zbgnjxETP258bPVm..EJ5pf4LB8gYEUeaCTdoTqYwDx4jHfcS','2019-10-25 15:29:51','2019-10-25 15:29:51'),('12595569','$2y$10$cAd5zbgnjxETP258bPVm..EJ5pf4LB8gYEUeaCTdoTqYwDx4jHfcS','2019-10-25 15:29:51','2019-10-25 15:29:51'),('12696000','$2y$10$cAd5zbgnjxETP258bPVm..EJ5pf4LB8gYEUeaCTdoTqYwDx4jHfcS','2019-10-25 15:29:51','2019-10-25 15:29:51'),('19517182','$2y$10$cAd5zbgnjxETP258bPVm..EJ5pf4LB8gYEUeaCTdoTqYwDx4jHfcS','2019-10-25 15:29:51','2019-10-25 15:29:51'),('19517557','$2y$10$cAd5zbgnjxETP258bPVm..EJ5pf4LB8gYEUeaCTdoTqYwDx4jHfcS','2019-10-25 15:29:51','2019-10-25 15:29:51'),('19890289','$2y$10$cAd5zbgnjxETP258bPVm..EJ5pf4LB8gYEUeaCTdoTqYwDx4jHfcS','2019-10-25 15:29:51','2019-10-25 15:29:51'),('232323','$2y$10$3a3ypCwpIgGaL0/VZLosKO7Sju3KErsO9dz5mZDR7cvRAn1OhTYmq','2020-09-04 20:24:12',NULL),('23232323','$2y$10$K4r.WGeaBHGLyuYvNb0dTu.BNPBYKD3RBkYukDEdKOFvlKokERHSe','2021-02-02 16:41:00',NULL),('26027467','$2y$10$cAd5zbgnjxETP258bPVm..EJ5pf4LB8gYEUeaCTdoTqYwDx4jHfcS','2019-10-25 15:29:51','2019-10-25 15:29:51'),('30843889','$2y$10$cAd5zbgnjxETP258bPVm..EJ5pf4LB8gYEUeaCTdoTqYwDx4jHfcS','2019-10-25 15:29:51','2019-10-25 15:29:51'),('30855460','$2y$10$cAd5zbgnjxETP258bPVm..EJ5pf4LB8gYEUeaCTdoTqYwDx4jHfcS','2019-10-25 15:29:51','2019-10-25 15:29:51'),('32939727','$2y$10$cAd5zbgnjxETP258bPVm..EJ5pf4LB8gYEUeaCTdoTqYwDx4jHfcS','2019-10-25 15:29:51','2019-10-25 15:29:51'),('33254767','$2y$10$cAd5zbgnjxETP258bPVm..EJ5pf4LB8gYEUeaCTdoTqYwDx4jHfcS','2019-10-25 15:29:51','2019-10-25 15:29:51'),('33358652','$2y$10$cAd5zbgnjxETP258bPVm..EJ5pf4LB8gYEUeaCTdoTqYwDx4jHfcS','2019-10-25 15:29:51','2019-10-25 15:29:51'),('45454545','$2y$10$wOUdivkcUpTBiCm2FU2rnuWJXJ5Em5/GDiWDkibvdlbD8PhwINTte','2021-02-12 20:10:46',NULL),('45460530','$2y$10$cAd5zbgnjxETP258bPVm..EJ5pf4LB8gYEUeaCTdoTqYwDx4jHfcS','2019-10-25 15:29:51','2019-10-25 15:29:51'),('45510210','$2y$10$cAd5zbgnjxETP258bPVm..EJ5pf4LB8gYEUeaCTdoTqYwDx4jHfcS','2019-10-25 15:29:51','2019-10-25 15:29:51'),('45510429','$2y$10$cAd5zbgnjxETP258bPVm..EJ5pf4LB8gYEUeaCTdoTqYwDx4jHfcS','2019-10-25 15:29:51','2019-10-25 15:29:51'),('45523133','$2y$10$cAd5zbgnjxETP258bPVm..EJ5pf4LB8gYEUeaCTdoTqYwDx4jHfcS','2019-10-25 15:29:51','2019-10-25 15:29:51'),('45549797','$2y$10$cAd5zbgnjxETP258bPVm..EJ5pf4LB8gYEUeaCTdoTqYwDx4jHfcS','2019-10-25 15:29:51','2019-10-25 15:29:51'),('45561454','$2y$10$cAd5zbgnjxETP258bPVm..EJ5pf4LB8gYEUeaCTdoTqYwDx4jHfcS','2019-10-25 15:29:51','2019-10-25 15:29:51'),('45760452','$2y$10$cAd5zbgnjxETP258bPVm..EJ5pf4LB8gYEUeaCTdoTqYwDx4jHfcS','2019-10-25 15:29:51','2019-10-25 15:29:51'),('5134792','$2y$10$cAd5zbgnjxETP258bPVm..EJ5pf4LB8gYEUeaCTdoTqYwDx4jHfcS','2019-10-25 15:29:51','2019-10-25 15:29:51'),('64525028','$2y$10$cAd5zbgnjxETP258bPVm..EJ5pf4LB8gYEUeaCTdoTqYwDx4jHfcS','2019-10-25 15:29:51','2019-10-25 15:29:51'),('676767','$2y$10$Y1sgZLW.ahbrj/C/0ly1NecS.uyvoF43HyFxn8e.tp72eQ6NrSAoq','2021-02-12 18:25:33',NULL),('6767679','$2y$10$7.hYpb8JmOqEsZ5END9LLuTgC4Zj0dQGP.ZPWSCtJHpnL.CpWdd36','2021-02-12 18:29:02',NULL),('67676799','$2y$10$MPoJ5hGr9AzU8gHF3tuoxeEZWg3oXfErwHVcKHA0778Qg5dpQmvCO','2021-02-12 18:29:29',NULL),('676767999','$2y$10$x4R7l6xgxvUGDRZIJZYK/u4mCitEwv3n7Bx93IkbRO6.fugyGFn2S','2021-02-12 18:30:15',NULL),('70526790','$2y$10$cAd5zbgnjxETP258bPVm..EJ5pf4LB8gYEUeaCTdoTqYwDx4jHfcS','2019-10-25 15:29:51','2019-10-25 15:29:51'),('72167462','$2y$10$cAd5zbgnjxETP258bPVm..EJ5pf4LB8gYEUeaCTdoTqYwDx4jHfcS','2019-10-25 15:29:51','2019-10-25 15:29:51'),('72175041','$2y$10$cAd5zbgnjxETP258bPVm..EJ5pf4LB8gYEUeaCTdoTqYwDx4jHfcS','2019-10-25 15:29:51','2019-10-25 15:29:51'),('73111145','$2y$10$cAd5zbgnjxETP258bPVm..EJ5pf4LB8gYEUeaCTdoTqYwDx4jHfcS','2019-10-25 15:29:51','2019-10-25 15:29:51'),('73113657','$2y$10$cAd5zbgnjxETP258bPVm..EJ5pf4LB8gYEUeaCTdoTqYwDx4jHfcS','2019-10-25 15:29:51','2019-10-25 15:29:51'),('73126905','$2y$10$cAd5zbgnjxETP258bPVm..EJ5pf4LB8gYEUeaCTdoTqYwDx4jHfcS','2019-10-25 15:29:51','2019-10-25 15:29:51'),('73131866','$2y$10$cAd5zbgnjxETP258bPVm..EJ5pf4LB8gYEUeaCTdoTqYwDx4jHfcS','2019-10-25 15:29:51','2019-10-25 15:29:51'),('73142322','$2y$10$cAd5zbgnjxETP258bPVm..EJ5pf4LB8gYEUeaCTdoTqYwDx4jHfcS','2019-10-25 15:29:51','2019-10-25 15:29:51'),('73143322','$2y$10$cAd5zbgnjxETP258bPVm..EJ5pf4LB8gYEUeaCTdoTqYwDx4jHfcS','2019-10-25 15:29:51','2019-10-25 15:29:51'),('73146680','$2y$10$cAd5zbgnjxETP258bPVm..EJ5pf4LB8gYEUeaCTdoTqYwDx4jHfcS','2019-10-25 15:29:51','2019-10-25 15:29:51'),('73149997','$2y$10$cAd5zbgnjxETP258bPVm..EJ5pf4LB8gYEUeaCTdoTqYwDx4jHfcS','2019-10-25 15:29:51','2019-10-25 15:29:51'),('73151126','$2y$10$cAd5zbgnjxETP258bPVm..EJ5pf4LB8gYEUeaCTdoTqYwDx4jHfcS','2019-10-25 15:29:51','2019-10-25 15:29:51'),('73153143','$2y$10$cAd5zbgnjxETP258bPVm..EJ5pf4LB8gYEUeaCTdoTqYwDx4jHfcS','2019-10-25 15:29:51','2019-10-25 15:29:51'),('73154009','$2y$10$cAd5zbgnjxETP258bPVm..EJ5pf4LB8gYEUeaCTdoTqYwDx4jHfcS','2019-10-25 15:29:51','2019-10-25 15:29:51'),('73154493','$2y$10$cAd5zbgnjxETP258bPVm..EJ5pf4LB8gYEUeaCTdoTqYwDx4jHfcS','2019-10-25 15:29:51','2019-10-25 15:29:51'),('73161967','$2y$10$cAd5zbgnjxETP258bPVm..EJ5pf4LB8gYEUeaCTdoTqYwDx4jHfcS','2019-10-25 15:29:51','2019-10-25 15:29:51'),('73163895','$2y$10$cAd5zbgnjxETP258bPVm..EJ5pf4LB8gYEUeaCTdoTqYwDx4jHfcS','2019-10-25 15:29:51','2019-10-25 15:29:51'),('73166565','$2y$10$cAd5zbgnjxETP258bPVm..EJ5pf4LB8gYEUeaCTdoTqYwDx4jHfcS','2019-10-25 15:29:51','2019-10-25 15:29:51'),('73185075','$2y$10$cAd5zbgnjxETP258bPVm..EJ5pf4LB8gYEUeaCTdoTqYwDx4jHfcS','2019-10-25 15:29:51','2019-10-25 15:29:51'),('73187214','$2y$10$cAd5zbgnjxETP258bPVm..EJ5pf4LB8gYEUeaCTdoTqYwDx4jHfcS','2019-10-25 15:29:51','2019-10-25 15:29:51'),('73195666','$2y$10$cAd5zbgnjxETP258bPVm..EJ5pf4LB8gYEUeaCTdoTqYwDx4jHfcS','2019-10-25 15:29:51','2019-10-25 15:29:51'),('73200610','$2y$10$cAd5zbgnjxETP258bPVm..EJ5pf4LB8gYEUeaCTdoTqYwDx4jHfcS','2019-10-25 15:29:51','2019-10-25 15:29:51'),('73205731','$2y$10$cAd5zbgnjxETP258bPVm..EJ5pf4LB8gYEUeaCTdoTqYwDx4jHfcS','2019-10-25 15:29:51','2019-10-25 15:29:51'),('73226303','$2y$10$cAd5zbgnjxETP258bPVm..EJ5pf4LB8gYEUeaCTdoTqYwDx4jHfcS','2019-10-25 15:29:51','2019-10-25 15:29:51'),('73243070','$2y$10$cAd5zbgnjxETP258bPVm..EJ5pf4LB8gYEUeaCTdoTqYwDx4jHfcS','2019-10-25 15:29:51','2019-10-25 15:29:51'),('73350182','$2y$10$cAd5zbgnjxETP258bPVm..EJ5pf4LB8gYEUeaCTdoTqYwDx4jHfcS','2019-10-25 15:29:51','2019-10-25 15:29:51'),('73353080','$2y$10$cAd5zbgnjxETP258bPVm..EJ5pf4LB8gYEUeaCTdoTqYwDx4jHfcS','2019-10-25 15:29:51','2019-10-25 15:29:51'),('73353081','$2y$10$cAd5zbgnjxETP258bPVm..EJ5pf4LB8gYEUeaCTdoTqYwDx4jHfcS','2019-10-25 15:29:51','2019-10-25 15:29:51'),('73377361','$2y$10$cAd5zbgnjxETP258bPVm..EJ5pf4LB8gYEUeaCTdoTqYwDx4jHfcS','2019-10-25 15:29:51','2019-10-25 15:29:51'),('73431836','$2y$10$cAd5zbgnjxETP258bPVm..EJ5pf4LB8gYEUeaCTdoTqYwDx4jHfcS','2019-10-25 15:29:51','2019-10-25 15:29:51'),('73549013','$2y$10$cAd5zbgnjxETP258bPVm..EJ5pf4LB8gYEUeaCTdoTqYwDx4jHfcS','2019-10-25 15:29:51','2019-10-25 15:29:51'),('73568783','$2y$10$cAd5zbgnjxETP258bPVm..EJ5pf4LB8gYEUeaCTdoTqYwDx4jHfcS','2019-10-25 15:29:51','2019-10-25 15:29:51'),('73577703','$2y$10$cAd5zbgnjxETP258bPVm..EJ5pf4LB8gYEUeaCTdoTqYwDx4jHfcS','2019-10-25 15:29:51','2019-10-25 15:29:51'),('73582755','$2y$10$cAd5zbgnjxETP258bPVm..EJ5pf4LB8gYEUeaCTdoTqYwDx4jHfcS','2019-10-25 15:29:51','2019-10-25 15:29:51'),('73593705','$2y$10$cAd5zbgnjxETP258bPVm..EJ5pf4LB8gYEUeaCTdoTqYwDx4jHfcS','2019-10-25 15:29:51','2019-10-25 15:29:51'),('73593797','$2y$10$cAd5zbgnjxETP258bPVm..EJ5pf4LB8gYEUeaCTdoTqYwDx4jHfcS','2019-10-25 15:29:51','2019-10-25 15:29:51'),('73831436','$2y$10$cAd5zbgnjxETP258bPVm..EJ5pf4LB8gYEUeaCTdoTqYwDx4jHfcS','2019-10-25 15:29:51','2019-10-25 15:29:51'),('77162309','$2y$10$cAd5zbgnjxETP258bPVm..EJ5pf4LB8gYEUeaCTdoTqYwDx4jHfcS','2019-10-25 15:29:51','2019-10-25 15:29:51'),('77184607','$2y$10$cAd5zbgnjxETP258bPVm..EJ5pf4LB8gYEUeaCTdoTqYwDx4jHfcS','2019-10-25 15:29:51','2019-10-25 15:29:51'),('78747852','$2y$10$cAd5zbgnjxETP258bPVm..EJ5pf4LB8gYEUeaCTdoTqYwDx4jHfcS','2019-10-25 15:29:51','2019-10-25 15:29:51'),('78787878','$2y$10$jsqpYkqjoA3idF4aYjVIQOIF1u4h6QkjkZeFD/SzkYgQps9WWTPvu','2020-10-03 17:26:26',NULL),('7886061','$2y$10$cAd5zbgnjxETP258bPVm..EJ5pf4LB8gYEUeaCTdoTqYwDx4jHfcS','2019-10-25 15:29:51','2019-10-25 15:29:51'),('7959076','$2y$10$cAd5zbgnjxETP258bPVm..EJ5pf4LB8gYEUeaCTdoTqYwDx4jHfcS','2019-10-25 15:29:51','2019-10-25 15:29:51'),('7959383','$2y$10$cAd5zbgnjxETP258bPVm..EJ5pf4LB8gYEUeaCTdoTqYwDx4jHfcS','2019-10-25 15:29:51','2019-10-25 15:29:51'),('80808080','$2y$10$cAd5zbgnjxETP258bPVm..EJ5pf4LB8gYEUeaCTdoTqYwDx4jHfcS','2019-10-28 19:24:21','2019-10-28 19:24:25'),('84078545','$2y$10$cAd5zbgnjxETP258bPVm..EJ5pf4LB8gYEUeaCTdoTqYwDx4jHfcS','2019-10-25 15:29:51','2019-10-25 15:29:51'),('85446170','$2y$10$cAd5zbgnjxETP258bPVm..EJ5pf4LB8gYEUeaCTdoTqYwDx4jHfcS','2019-10-25 15:29:51','2019-10-25 15:29:51'),('85484388','$2y$10$cAd5zbgnjxETP258bPVm..EJ5pf4LB8gYEUeaCTdoTqYwDx4jHfcS','2019-10-25 15:29:51','2019-10-25 15:29:51'),('8980844','$2y$10$cAd5zbgnjxETP258bPVm..EJ5pf4LB8gYEUeaCTdoTqYwDx4jHfcS','2019-10-25 15:29:51','2019-10-25 15:29:51'),('8981554','$2y$10$cAd5zbgnjxETP258bPVm..EJ5pf4LB8gYEUeaCTdoTqYwDx4jHfcS','2019-10-25 15:29:51','2019-10-25 15:29:51'),('89898989898','$2y$10$cAd5zbgnjxETP258bPVm..EJ5pf4LB8gYEUeaCTdoTqYwDx4jHfcS',NULL,NULL),('900101279','$2y$10$cAd5zbgnjxETP258bPVm..EJ5pf4LB8gYEUeaCTdoTqYwDx4jHfcS','2019-11-25 15:35:45','2019-11-25 15:35:45'),('9042928','$2y$10$cAd5zbgnjxETP258bPVm..EJ5pf4LB8gYEUeaCTdoTqYwDx4jHfcS','2019-10-25 15:29:51','2019-10-25 15:29:51'),('9044301','$2y$10$cAd5zbgnjxETP258bPVm..EJ5pf4LB8gYEUeaCTdoTqYwDx4jHfcS','2019-10-25 15:29:51','2019-10-25 15:29:51'),('9086093','$2y$10$cAd5zbgnjxETP258bPVm..EJ5pf4LB8gYEUeaCTdoTqYwDx4jHfcS','2019-10-25 15:29:51','2019-10-25 15:29:51'),('9098207','$2y$10$cAd5zbgnjxETP258bPVm..EJ5pf4LB8gYEUeaCTdoTqYwDx4jHfcS','2019-10-25 15:29:51','2019-10-25 15:29:51'),('9098318','$2y$10$cAd5zbgnjxETP258bPVm..EJ5pf4LB8gYEUeaCTdoTqYwDx4jHfcS','2019-10-26 00:19:00','2019-10-26 00:19:00'),('9145269','$2y$10$cAd5zbgnjxETP258bPVm..EJ5pf4LB8gYEUeaCTdoTqYwDx4jHfcS','2019-10-25 15:29:51','2019-10-25 15:29:51'),('9145861','$2y$10$cAd5zbgnjxETP258bPVm..EJ5pf4LB8gYEUeaCTdoTqYwDx4jHfcS','2019-10-25 15:29:51','2019-10-25 15:29:51'),('9155075','$2y$10$cAd5zbgnjxETP258bPVm..EJ5pf4LB8gYEUeaCTdoTqYwDx4jHfcS','2019-10-25 15:29:51','2019-10-25 15:29:51'),('9202332','$2y$10$cAd5zbgnjxETP258bPVm..EJ5pf4LB8gYEUeaCTdoTqYwDx4jHfcS','2019-10-25 15:29:51','2019-10-25 15:29:51'),('9204844','$2y$10$cAd5zbgnjxETP258bPVm..EJ5pf4LB8gYEUeaCTdoTqYwDx4jHfcS','2019-10-25 15:29:51','2019-10-25 15:29:51'),('92187363','$2y$10$cAd5zbgnjxETP258bPVm..EJ5pf4LB8gYEUeaCTdoTqYwDx4jHfcS','2019-10-25 15:29:51','2019-10-25 15:29:51'),('92446381','$2y$10$cAd5zbgnjxETP258bPVm..EJ5pf4LB8gYEUeaCTdoTqYwDx4jHfcS','2019-10-25 15:29:51','2019-10-25 15:29:51'),('92533437','$2y$10$cAd5zbgnjxETP258bPVm..EJ5pf4LB8gYEUeaCTdoTqYwDx4jHfcS','2019-10-25 15:29:51','2019-10-25 15:29:51'),('9292409','$2y$10$cAd5zbgnjxETP258bPVm..EJ5pf4LB8gYEUeaCTdoTqYwDx4jHfcS','2019-10-25 15:29:51','2019-10-25 15:29:51'),('9298786','$2y$10$cAd5zbgnjxETP258bPVm..EJ5pf4LB8gYEUeaCTdoTqYwDx4jHfcS','2019-10-25 15:29:51','2019-10-25 15:29:51');

UNLOCK TABLES;

/*!50106 set global event_scheduler = 1*/;

/* Event structure for event `CambiarEstadoConv` */

/*!50106 DROP EVENT IF EXISTS `CambiarEstadoConv`*/;

DELIMITER $$

/*!50106 CREATE DEFINER=`root`@`localhost` EVENT `CambiarEstadoConv` ON SCHEDULE EVERY 1 DAY STARTS '2020-08-24 12:00:00' ON COMPLETION NOT PRESERVE ENABLE DO BEGIN
	    UPDATE convocatoria SET estado='2' WHERE NOW()>fecha_fin AND estado='1';
	END */$$
DELIMITER ;

/* Event structure for event `enlaceCaducado` */

/*!50106 DROP EVENT IF EXISTS `enlaceCaducado`*/;

DELIMITER $$

/*!50106 CREATE DEFINER=`root`@`localhost` EVENT `enlaceCaducado` ON SCHEDULE EVERY 30 SECOND STARTS '2019-12-05 15:53:00' ON COMPLETION NOT PRESERVE ENABLE DO BEGIN
	    UPDATE b14_26734725_zimep.reset_password SET estado='1' WHERE NOW()>created_at+24 AND estado='0';
	END */$$
DELIMITER ;

/* Function  structure for function  `getEdad` */

/*!50003 DROP FUNCTION IF EXISTS `getEdad` */;
DELIMITER $$

/*!50003 CREATE DEFINER=`root`@`localhost` FUNCTION `getEdad`(id_pers varchar(60)) RETURNS int(11)
BEGIN

SET @edad = '';

	SELECT TIMESTAMPDIFF(YEAR, fnac_pers, NOW()) INTO @edad FROM persona WHERE id=id_pers;

	RETURN @edad;

END */$$
DELIMITER ;

/*Table structure for table `todo` */

DROP TABLE IF EXISTS `todo`;

/*!50001 DROP VIEW IF EXISTS `todo` */;
/*!50001 DROP TABLE IF EXISTS `todo` */;

/*!50001 CREATE TABLE  `todo`(
 `dni` varchar(60) ,
 `nombre` varchar(60) ,
 `apellido` varchar(60) ,
 `sexo` char(2) ,
 `fecha_nac` date ,
 `estado` int(11) ,
 `tel1` varchar(200) ,
 `tel2` varchar(200) ,
 `correo` varchar(300) ,
 `dir` varchar(300) ,
 `categoria` int(11) ,
 `foto_pers` varchar(50) ,
 `nivel` int(11) ,
 `estadoE` varchar(100) ,
 `titulo` varchar(300) ,
 `id_categoria` int(11) ,
 `id_perfil` int(11) ,
 `descripcion` varchar(300) ,
 `cursos` varchar(300) ,
 `id_idioma` int(11) ,
 `n_idioma` varchar(300) ,
 `nomb_empresa` varchar(300) ,
 `puesto` varchar(300) ,
 `funciones` varchar(300) ,
 `fecha_ini` date ,
 `fecha_fin` date 
)*/;

/*View structure for view todo */

/*!50001 DROP TABLE IF EXISTS `todo` */;
/*!50001 DROP VIEW IF EXISTS `todo` */;

/*!50001 CREATE ALGORITHM=UNDEFINED DEFINER=`root`@`localhost` SQL SECURITY DEFINER VIEW `todo` AS select `persona`.`id` AS `dni`,`persona`.`nomb_pers` AS `nombre`,`persona`.`ape_pers` AS `apellido`,`persona`.`sexo` AS `sexo`,`persona`.`fnac_pers` AS `fecha_nac`,`persona`.`esta_pers` AS `estado`,`persona`.`telefono1` AS `tel1`,`persona`.`telefono2` AS `tel2`,`persona`.`emai_pers` AS `correo`,`persona`.`direccion` AS `dir`,`persona`.`id_cat` AS `categoria`,`persona`.`foto_pers` AS `foto_pers`,`persona_datos_academicos`.`nivel_educativo` AS `nivel`,`persona_datos_academicos`.`estado` AS `estadoE`,`persona_datos_academicos`.`titulo` AS `titulo`,`persona_datos_profesionales`.`id_categoria` AS `id_categoria`,`persona_datos_profesionales`.`id_perfil` AS `id_perfil`,`persona_datos_profesionales`.`descripcion` AS `descripcion`,`persona_datos_academicos_plus`.`cursos` AS `cursos`,`persona_datos_academicos_plus`.`id_idioma` AS `id_idioma`,`persona_datos_academicos_plus`.`n_idioma` AS `n_idioma`,`persona_experiencia_profesional`.`nomb_empresa` AS `nomb_empresa`,`persona_experiencia_profesional`.`cargo` AS `puesto`,`persona_experiencia_profesional`.`funciones` AS `funciones`,`persona_experiencia_profesional`.`fecha_ini` AS `fecha_ini`,`persona_experiencia_profesional`.`fecha_fin` AS `fecha_fin` from ((((`persona` join `persona_datos_academicos` on((`persona`.`id` = `persona_datos_academicos`.`id`))) join `persona_datos_profesionales` on((`persona`.`id` = `persona_datos_profesionales`.`id`))) join `persona_datos_academicos_plus` on((`persona`.`id` = `persona_datos_academicos_plus`.`id`))) join `persona_experiencia_profesional` on((`persona`.`id` = `persona_experiencia_profesional`.`id`))) */;

/*!40101 SET SQL_MODE=@OLD_SQL_MODE */;
/*!40014 SET FOREIGN_KEY_CHECKS=@OLD_FOREIGN_KEY_CHECKS */;
/*!40014 SET UNIQUE_CHECKS=@OLD_UNIQUE_CHECKS */;
/*!40111 SET SQL_NOTES=@OLD_SQL_NOTES */;
